semaforo_id,delay,waiting_time,stops,flujo_vehicular,flujo_por_segundo,queue_length
308495742,26.10427617845461,5.475209763539283,1.2700228832951945,1311,6.555,4.535
308512653,21.245252228964144,1.0100502512562815,1.32035175879397,796,3.98,0.86
308512659,20.830677783496956,0.6812227074235808,1.1930131004366813,1145,5.725,0.8
308512668,20.11443681134192,0.42890173410404625,1.1098265895953756,865,4.325,0.625
308512669,35.364248840975584,3.440826052422558,1.704527402700556,1259,6.295,3.515
308512670,23.273233071965294,0.5341781874039938,1.1259600614439325,2604,13.02,1.51
308512701,12.059140339252812,1.2026431718061674,1.026431718061674,454,2.27,0.45
joinedS_308495714_4152158087,20.995129888126637,0.878619153674833,1.2533407572383073,1796,8.98,2.18
joinedS_308495840_308495841,23.976464881496344,0.8826036419992251,1.371948857032158,2581,12.905,3.115
