semaforo_id,delay,waiting_time,stops,flujo_vehicular,flujo_por_segundo,queue_length
cluster_1520634082_307862705,17.198600805757195,1.0921198668146503,1.0621531631520533,901,1.12625,0.38625
cluster_307862891_307862894_307862896_307862898,25.902678135024498,0.41928949828607043,1.0330320972265503,6418,8.0225,1.1875
cluster_3701043284_4151921021,22.37902071145374,0.2631218621633957,0.9169329073482428,4382,5.4775,0.61125
cluster_4152158088_4152159489_9467311858,32.574121957058836,2.9513797634691197,1.3298291721419184,1522,1.9025,1.225
