semaforo_id,delay,waiting_time,stops,flujo_vehicular,flujo_por_segundo,queue_length,delay_norm,waiting_time_norm,stops_norm,flujo_vehicular_norm,flujo_por_segundo_norm,queue_length_norm,road_rage
cluster_1520634082_307862705,14.249729400168613,0.391304347826087,0.6521739130434783,115,0.575,0.135,0.0,0.13454840451954275,0.0,0.0,0.0,0.029962546816479408,0.6039022194850054
cluster_307862891_307862894_307862896_307862898,19.886858554783103,0.55625,0.7680555555555556,1440,7.2,1.43,0.44563469927206173,0.20209146198108255,0.2145424836601308,1.0,1.0,1.0,0.8373215644135464
cluster_3701043284_4151921021,16.89827635269026,0.06272617611580217,0.7744270205066345,829,4.145,0.095,0.2093768640600956,0.0,0.22633857047358333,0.5388679245283019,0.5388679245283018,0.0,0.7081626584501919
cluster_4152158088_4152159489_9467311858,26.89939327020087,2.5048076923076925,1.1923076923076923,208,1.04,0.62,1.0,1.0,1.0,0.07018867924528302,0.07018867924528303,0.39325842696629215,1.0
