semaforo_id,delay,waiting_time,stops,flujo_vehicular,flujo_por_segundo,queue_length
cluster_1520634082_307862705,14.249729400168613,0.391304347826087,0.6521739130434783,115,0.575,0.135
cluster_307862891_307862894_307862896_307862898,19.886858554783103,0.55625,0.7680555555555556,1440,7.2,1.43
cluster_3701043284_4151921021,16.89827635269026,0.06272617611580217,0.7744270205066345,829,4.145,0.095
cluster_4152158088_4152159489_9467311858,26.89939327020087,2.5048076923076925,1.1923076923076923,208,1.04,0.62
