semaforo_id,delay,waiting_time,stops,flujo_vehicular,flujo_por_segundo,queue_length,delay_norm,waiting_time_norm,stops_norm,flujo_vehicular_norm,flujo_por_segundo_norm,queue_length_norm,road_rage
cluster_1520634082_307862705,17.198600805757195,1.0921198668146503,1.0621531631520533,901,1.12625,0.38625,0.0,0.3083774083761081,0.3517112364200657,0.0,0.0,0.0,0.752272556092663
cluster_307862891_307862894_307862896_307862898,25.902678135024498,0.41928949828607043,1.0330320972265503,6418,8.0225,1.1875,0.5660996621587975,0.05809250520451253,0.28118246585815515,1.0,1.0,0.9552906110283158,1.0
cluster_3701043284_4151921021,22.37902071145374,0.2631218621633957,0.9169329073482428,4382,5.4775,0.61125,0.33692645957941975,0.0,0.0,0.6309588544498822,0.6309588544498821,0.2682563338301043,0.9371005819953473
cluster_4152158088_4152159489_9467311858,32.574121957058836,2.9513797634691197,1.3298291721419184,1522,1.9025,1.225,1.0,1.0,1.0,0.11256117455138662,0.11256117455138662,1.0,1.0
