semaforo_id,delay,waiting_time,stops,flujo_vehicular,flujo_por_segundo,queue_length
308495742,50.931014996143226,15.98023938572719,1.647244805781391,8856,11.07,10.88375
308512653,39.4357363914964,0.39228007181328545,1.9025134649910234,5570,6.9625,0.8125
308512659,24.49567702592481,1.1023004755172856,1.235445315512145,7781,9.72625,1.5575
308512668,60.04133089698387,4.16190189587722,2.095395726752934,6646,8.3075,4.6075
308512669,51.6261863821062,2.3234646103001926,2.019829248141008,7262,9.0775,4.7975
308512670,45.4602622123438,3.8187367926743367,1.6547898567738906,17036,21.295,2.86875
308512701,28.013224786941883,0.07639287765651924,1.1763354394026422,1741,2.17625,0.08375
joinedS_308495714_4152158087,47.866690327983505,1.4126419568201671,1.8787595157868464,16026,20.0325,5.8275
joinedS_308495840_308495841,88.9161636678062,8.035191758289326,2.6076530170548002,23102,28.8775,8.72125
