semaforo_id,delay,waiting_time,stops,flujo_vehicular,flujo_por_segundo,queue_length,delay_norm,waiting_time_norm,stops_norm,flujo_vehicular_norm,flujo_por_segundo_norm,queue_length_norm,road_rage
308495742,50.931014996143226,15.98023938572719,1.647244805781391,8856,11.07,10.88375,0.4103560737933347,1.0,0.3290041104303341,0.3330836571321567,0.33308365713215676,1.0,1.0
308512653,39.4357363914964,0.39228007181328545,1.9025134649910234,5570,6.9625,0.8125,0.2319147237838262,0.01986231406323395,0.5073493380690239,0.17925190768222463,0.17925190768222463,0.06747685185185186,1.0
308512659,24.49567702592481,1.1023004755172856,1.235445315512145,7781,9.72625,1.5575,0.0,0.06450688500672792,0.04129752686085422,0.28275829783249845,0.2827582978324985,0.13645833333333335,1.0
308512668,60.04133089698387,4.16190189587722,2.095395726752934,6646,8.3075,4.6075,0.5517756186577754,0.25688810666950546,0.6421078743809322,0.22962408126960349,0.22962408126960346,0.41886574074074073,1.0
308512669,51.6261863821062,2.3234646103001926,2.019829248141008,7262,9.0775,4.7975,0.4211472276979534,0.14129108524175957,0.5893128275012028,0.25846168250550067,0.2584616825055007,0.4364583333333334,1.0
308512670,45.4602622123438,3.8187367926743367,1.6547898567738906,17036,21.295,2.86875,0.32543351159333495,0.2353106157757938,0.33427551288517987,0.7160245306867656,0.7160245306867656,0.25787037037037036,1.0
308512701,28.013224786941883,0.07639287765651924,1.1763354394026422,1741,2.17625,0.08375,0.05460293680442685,0.0,0.0,0.0,0.0,0.0,1.0
joinedS_308495714_4152158087,47.866690327983505,1.4126419568201671,1.8787595157868464,16026,20.0325,5.8275,0.36278852458814875,0.08402049645571881,0.49075347592420115,0.6687421000889472,0.6687421000889471,0.5318287037037037,1.0
joinedS_308495840_308495841,88.9161636678062,8.035191758289326,2.6076530170548002,23102,28.8775,8.72125,1.0,0.5004323247582892,1.0,1.0,1.0,0.7997685185185185,1.0
