semaforo_id,delay,waiting_time,stops,flujo_vehicular,flujo_por_segundo,queue_length
308495742,42.89680049011264,12.396272089082547,1.607601065117405,8262,10.3275,9.8325
308512653,37.62336366610028,0.5383141762452107,1.796760710553814,5742,7.1775,1.00625
308512659,26.87296812677568,1.6637707468879668,1.233143153526971,7712,9.64,1.88125
308512668,37.88271116987449,0.7781556311262252,1.568513702740548,4999,6.24875,1.43875
308512669,52.052134229180346,2.8035992631429787,1.9457276463086297,7057,8.82125,4.675
308512670,51.58667594205452,4.343290891283056,1.8324627271737948,18378,22.9725,6.9625
308512701,23.904279737299362,0.2601123595505618,1.0775280898876405,1780,2.225,0.1625
joinedS_308495714_4152158087,44.71297002244776,1.3195536393608926,1.780560486938879,15772,19.715,4.875
joinedS_308495840_308495841,87.21197684338601,6.2948256717743725,2.5230735065511882,22515,28.14375,6.92875
