semaforo_id,delay,waiting_time,stops,flujo_vehicular,flujo_por_segundo,queue_length,delay_norm,waiting_time_norm,stops_norm,flujo_vehicular_norm,flujo_por_segundo_norm,queue_length_norm,road_rage
308495742,42.89680049011264,12.396272089082547,1.607601065117405,8262,10.3275,9.8325,0.30000334273709134,1.0,0.36669409976285766,0.31261152640462986,0.3126115264046299,1.0,1.0
308512653,37.62336366610028,0.5383141762452107,1.796760710553814,5742,7.1775,1.00625,0.21670483299702767,0.022923381275023594,0.4975510367057361,0.19107788762961178,0.19107788762961178,0.08725439503619442,1.0
308512659,26.87296812677568,1.6637707468879668,1.233143153526971,7712,9.64,1.88125,0.04689300867320442,0.11565918862469808,0.10765145241752726,0.28608632746563784,0.28608632746563784,0.17774043433298864,1.0
308512668,37.88271116987449,0.7781556311262252,1.568513702740548,4999,6.24875,1.43875,0.22080145182269134,0.04268593056789317,0.3396542282193718,0.15524475524475526,0.15524475524475523,0.13198035160289553,1.0
308512669,52.052134229180346,2.8035992631429787,1.9457276463086297,7057,8.82125,4.675,0.44461978208925784,0.2095792211273494,0.6006034444942407,0.25449722691102,0.25449722691102,0.46664943123061015,1.0
308512670,51.58667594205452,4.343290891283056,1.8324627271737948,18378,22.9725,6.9625,0.4372674646238816,0.3364473295285111,0.522248992375911,0.8004822763443453,0.8004822763443453,0.703205791106515,1.0
308512701,23.904279737299362,0.2601123595505618,1.0775280898876405,1780,2.225,0.1625,0.0,0.0,0.0,0.0,0.0,0.0,1.0
joinedS_308495714_4152158087,44.71297002244776,1.3195536393608926,1.780560486938879,15772,19.715,4.875,0.3286913161645833,0.08729625379207058,0.48634403938265885,0.6748010610079576,0.6748010610079576,0.48733195449844885,1.0
joinedS_308495840_308495841,87.21197684338601,6.2948256717743725,2.5230735065511882,22515,28.14375,6.92875,1.0,0.4972506498525239,1.0,1.0,1.0,0.6997156153050672,1.0
