semaforo_id,delay,waiting_time,stops,flujo_vehicular,flujo_por_segundo,queue_length,delay_norm,waiting_time_norm,stops_norm,flujo_vehicular_norm,flujo_por_segundo_norm,queue_length_norm,road_rage
cluster_1520634082_307862705,13.744799425307793,0.4824561403508772,0.631578947368421,114,0.57,0.15,0.0,0.10287408810115921,0.0,0.0,0.0,0.0,0.5847042577140662
cluster_307862891_307862894_307862896_307862898,19.061402751381078,0.3586880669923238,0.7641311933007676,1433,7.165,1.185,0.3493810826605931,0.04624604035851251,0.22060660248683628,1.0,1.0,1.0,0.8001951191271204
cluster_3701043284_4151921021,16.32925899926974,0.2576112412177986,0.7154566744730679,854,4.27,0.465,0.16983800157050002,0.0,0.1395976376765312,0.5610310841546626,0.5610310841546626,0.30434782608695654,0.6869408517740683
cluster_4152158088_4152159489_9467311858,28.962003761577222,2.443243243243243,1.2324324324324325,185,0.925,0.5,1.0,1.0,1.0,0.053828658074298714,0.05382865807429873,0.3381642512077294,1.0
