semaforo_id,delay,waiting_time,stops,flujo_vehicular,flujo_por_segundo,queue_length
cluster_1520634082_307862705,13.744799425307793,0.4824561403508772,0.631578947368421,114,0.57,0.15
cluster_307862891_307862894_307862896_307862898,19.061402751381078,0.3586880669923238,0.7641311933007676,1433,7.165,1.185
cluster_3701043284_4151921021,16.32925899926974,0.2576112412177986,0.7154566744730679,854,4.27,0.465
cluster_4152158088_4152159489_9467311858,28.962003761577222,2.443243243243243,1.2324324324324325,185,0.925,0.5
