semaforo_id,delay,waiting_time,stops,flujo_vehicular,flujo_por_segundo,queue_length
cluster_1520634082_307862705,17.432548473605458,0.9,1.040909090909091,880,1.1,0.33875
cluster_307862891_307862894_307862896_307862898,25.74183078580061,0.35928720500882966,1.0134853106437631,6229,7.78625,1.1075
cluster_3701043284_4151921021,22.20164465731169,0.30381440999330805,0.9263885790765113,4483,5.60375,0.68875
cluster_4152158088_4152159489_9467311858,36.350265164218165,3.227272727272727,1.621212121212121,1518,1.8975,1.25125
