semaforo_id,delay,waiting_time,stops,flujo_vehicular,flujo_por_segundo,queue_length,delay_norm,waiting_time_norm,stops_norm,flujo_vehicular_norm,flujo_por_segundo_norm,queue_length_norm,road_rage
cluster_1520634082_307862705,17.432548473605458,0.9,1.040909090909091,880,1.1,0.33875,0.0,0.20393161978156898,0.16481956192875885,0.0,0.0,0.0,0.756938302580582
cluster_307862891_307862894_307862896_307862898,25.74183078580061,0.35928720500882966,1.0134853106437631,6229,7.78625,1.1075,0.43923283386088335,0.01897505932875581,0.12535086433535528,1.0,1.0,0.8424657534246575,1.0
cluster_3701043284_4151921021,22.20164465731169,0.30381440999330805,0.9263885790765113,4483,5.60375,0.68875,0.252096818115092,0.0,0.0,0.6735838474481212,0.6735838474481213,0.3835616438356164,0.9311976176553942
cluster_4152158088_4152159489_9467311858,36.350265164218165,3.227272727272727,1.621212121212121,1518,1.8975,1.25125,1.0,1.0,1.0,0.11927463077210694,0.11927463077210693,1.0,1.0
