semaforo_id,delay,waiting_time,stops,flujo_vehicular,flujo_por_segundo,queue_length
cluster_1520634082_307862705,15.54517506393106,0.3717217787913341,0.9395667046750285,877,1.09625,0.26375
cluster_307862891_307862894_307862896_307862898,26.403487986291225,0.4478654181875893,1.0044437390890335,6301,7.87625,1.31125
cluster_3701043284_4151921021,24.8885672569473,0.2647058823529412,1.0675797036371801,4454,5.5675,0.60875
cluster_4152158088_4152159489_9467311858,31.045634045357588,2.9069767441860463,1.435215946843854,1505,1.88125,1.1125
