generacion,max,mean,min
1,0.316953,0.29594625,0.281201
2,0.30709,0.29428487499999995,0.284424
