generacion,max,mean,min
1,0.076899,0.0737433,0.070644
2,0.075766,0.0740143,0.071577
3,0.075142,0.07346260000000002,0.072254
4,0.074697,0.07305120000000001,0.071612
5,0.074073,0.07209210000000002,0.070378
6,0.075144,0.0731718,0.068492
7,0.077119,0.07320360000000001,0.069071
8,0.077198,0.074686,0.071388
