semaforo_id,delay,waiting_time,stops,flujo_vehicular,flujo_por_segundo,queue_length,delay_norm,waiting_time_norm,stops_norm,flujo_vehicular_norm,flujo_por_segundo_norm,queue_length_norm,road_rage
308495742,50.39037613174508,17.4588134869825,1.6759496372172429,9372,11.715,10.77625,0.5509201753143075,1.0,0.41792407684044336,0.38568517575140093,0.3856851757514009,1.0,1.0
308512653,46.91991766952929,2.4903529411764707,2.099607843137255,6375,7.96875,3.62,0.4829785927027344,0.13139847897657433,0.7203558295150367,0.23301069791136017,0.23301069791136012,0.32686654908877133,1.0
308512659,24.359401407002334,0.3937351308485329,1.2356595294739625,7566,9.4575,0.91375,0.04130865309724311,0.009734302925690663,0.1036195098347793,0.293683138053999,0.2936831380539989,0.07231040564373897,1.0
308512668,44.99690148212181,0.8331290492032919,1.854491332516197,5711,7.13875,1.855,0.44533147357348835,0.035231796448384436,0.5453774746036171,0.19918492103922567,0.19918492103922564,0.16084656084656085,1.0
308512669,47.16684504482532,1.9148713345302215,1.8619090365050868,6684,8.355,4.0125,0.48781271962008205,0.09800398277409127,0.5506726611167867,0.2487519103413143,0.2487519103413143,0.3637860082304527,1.0
308512670,43.052254987222184,3.007034632034632,1.7190355940355941,16632,20.79,2.55125,0.40726089531358534,0.1613808877347081,0.44868132703447366,0.7555272542027509,0.7555272542027509,0.22633744855967078,1.0
308512701,22.24935393395975,0.22598556357579122,1.090505274847307,1801,2.25125,0.145,0.0,0.0,0.0,0.0,0.0,0.0,0.938114079623798
joinedS_308495714_4152158087,46.92297563269003,1.2838661056333605,1.955410412610689,15923,19.90375,5.31625,0.48303845881522955,0.061387518447897305,0.6174193561128057,0.7194090677534386,0.7194090677534386,0.4864197530864198,1.0
joinedS_308495840_308495841,73.32938958836375,4.1429704633474875,2.4913443143110445,21431,26.78875,7.0625,1.0,0.22729785947966216,1.0,1.0,1.0,0.6506760728982952,1.0
