semaforo_id,delay,waiting_time,stops,flujo_vehicular,flujo_por_segundo,queue_length,delay_norm,waiting_time_norm,stops_norm,flujo_vehicular_norm,flujo_por_segundo_norm,queue_length_norm,road_rage
308495742,47.35360706452814,9.217129796703958,1.7987489474317335,8313,10.39125,8.1,0.5257125251526896,1.0,0.4886702230677648,0.3320245905873844,0.3320245905873844,1.0,1.0
308512653,38.421925239972694,0.5031108121742055,1.8479905834874726,5947,7.43375,1.22,0.34885499400299913,0.047902364579446924,0.5221768031116731,0.20979490623547037,0.20979490623547037,0.14347961406784937,1.0
308512659,29.8167706729117,2.0395627895924915,1.3854104787929191,8417,10.52125,2.67375,0.17846307658070112,0.2157757990112776,0.20741314889183943,0.33739732396549055,0.33739732396549055,0.3244631185807657,1.0
308512668,50.980244387139045,1.8745945945945945,2.0326126126126125,5550,6.9375,2.48125,0.5975240983649063,0.19775129979272668,0.6478032707162014,0.18928552978250762,0.18928552978250762,0.3004979769685653,1.0
308512669,52.42032626448632,1.8589310829817158,1.9935302390998593,7110,8.8875,4.01,0.626039369115018,0.19603989746557085,0.6212095833145748,0.2698765304540993,0.26987653045409926,0.4908185496420791,1.0
308512670,51.015994230439375,2.9457562931610606,1.9926486968144352,17956,22.445,6.83125,0.5982319862128256,0.3147869089839352,0.6206097359188625,0.830190628713127,0.830190628713127,0.8420479302832246,1.0
308512701,20.80400538613989,0.06468716861081654,1.080593849416755,1886,2.3575,0.0675,0.0,0.0,0.0,0.0,0.0,0.0,0.8766777127944821
joinedS_308495714_4152158087,43.3190305363983,1.139614855570839,1.8316868825809678,15994,19.9925,4.93375,0.44582328838679663,0.11744708277772373,0.5110829138099979,0.7288319470992406,0.7288319470992405,0.6058201058201059,1.0
joinedS_308495840_308495841,71.30613422675881,3.511274302123052,2.550204773337099,21243,26.55375,6.55625,1.0,0.37657566111728935,1.0,1.0,1.0,0.8078120136943668,1.0
