semaforo_id,delay,waiting_time,stops,flujo_vehicular,flujo_por_segundo,queue_length
308495742,47.35360706452814,9.217129796703958,1.7987489474317335,8313,10.39125,8.1
308512653,38.421925239972694,0.5031108121742055,1.8479905834874726,5947,7.43375,1.22
308512659,29.8167706729117,2.0395627895924915,1.3854104787929191,8417,10.52125,2.67375
308512668,50.980244387139045,1.8745945945945945,2.0326126126126125,5550,6.9375,2.48125
308512669,52.42032626448632,1.8589310829817158,1.9935302390998593,7110,8.8875,4.01
308512670,51.015994230439375,2.9457562931610606,1.9926486968144352,17956,22.445,6.83125
308512701,20.80400538613989,0.06468716861081654,1.080593849416755,1886,2.3575,0.0675
joinedS_308495714_4152158087,43.3190305363983,1.139614855570839,1.8316868825809678,15994,19.9925,4.93375
joinedS_308495840_308495841,71.30613422675881,3.511274302123052,2.550204773337099,21243,26.55375,6.55625
