generacion,max,mean,min
1,0.355189,0.32491424999999996,0.278882
2,0.346672,0.32279187499999995,0.296243
