generacion,max,mean,min
1,0.119489,0.10580500000000001,0.096192
2,0.121198,0.10436990000000002,0.093283
3,0.131341,0.11089630000000002,0.094937
4,0.147853,0.1121629,0.102703
5,0.12199,0.10930809999999999,0.100701
6,0.115498,0.10476770000000002,0.095866
7,0.132752,0.11134379999999999,0.097049
8,0.117278,0.10776300000000001,0.096081
