semaforo_id,delay,waiting_time,stops,flujo_vehicular,flujo_por_segundo,queue_length,delay_norm,waiting_time_norm,stops_norm,flujo_vehicular_norm,flujo_por_segundo_norm,queue_length_norm,road_rage
cluster_1520634082_307862705,17.63617911646204,0.34813925570228094,1.0672268907563025,833,1.04125,0.195,0.0,0.011035158630683316,0.28258448063267044,0.0,0.0,0.0,0.7550990254027793
cluster_307862891_307862894_307862896_307862898,26.550067415573594,0.3822547304817936,1.0195579583399585,6289,7.86125,1.20625,0.519098115706599,0.023048151788755994,0.2038622389551407,1.0,1.0,0.9461988304093568,1.0
cluster_3701043284_4151921021,22.278214543081248,0.31680071492403933,0.896112600536193,4476,5.595,0.59125,0.27032780332702633,0.0,0.0,0.6677052785923754,0.6677052785923754,0.37076023391812873,0.9333091000431785
cluster_4152158088_4152159489_9467311858,34.80805477811403,3.1566820276497696,1.50164581961817,1519,1.89875,1.26375,1.0,1.0,1.0,0.12573313782991202,0.125733137829912,1.0,1.0
