semaforo_id,delay,waiting_time,stops,flujo_vehicular,flujo_por_segundo,queue_length
cluster_1520634082_307862705,17.63617911646204,0.34813925570228094,1.0672268907563025,833,1.04125,0.195
cluster_307862891_307862894_307862896_307862898,26.550067415573594,0.3822547304817936,1.0195579583399585,6289,7.86125,1.20625
cluster_3701043284_4151921021,22.278214543081248,0.31680071492403933,0.896112600536193,4476,5.595,0.59125
cluster_4152158088_4152159489_9467311858,34.80805477811403,3.1566820276497696,1.50164581961817,1519,1.89875,1.26375
