semaforo_id,delay,waiting_time,stops,flujo_vehicular,flujo_por_segundo,queue_length
cluster_1520634082_307862705,15.981632129192196,0.8953356086461889,1.0022753128555177,879,1.09875,0.35125
cluster_307862891_307862894_307862896_307862898,25.077312057085678,0.40903183885640026,0.9938271604938271,6156,7.695,1.16
cluster_3701043284_4151921021,21.841057070327203,0.26239067055393583,0.945952007176497,4459,5.57375,0.58625
cluster_4152158088_4152159489_9467311858,34.533964568586065,3.0373084610259826,1.5722851432378415,1501,1.87625,1.2175
