semaforo_id,delay,waiting_time,stops,flujo_vehicular,flujo_por_segundo,queue_length,delay_norm,waiting_time_norm,stops_norm,flujo_vehicular_norm,flujo_por_segundo_norm,queue_length_norm,road_rage
cluster_1520634082_307862705,18.043473050019003,1.0136986301369864,0.9840182648401826,876,1.095,0.32625,0.0,0.25697584163189885,0.1269586677332783,0.0,0.0,0.0,0.7813736251971073
cluster_307862891_307862894_307862896_307862898,25.645111614040417,0.44488127064003774,1.023588614562038,6359,7.94875,1.35875,0.44195796049869596,0.030254277373895952,0.19463996352886992,1.0,1.0,1.0,1.0
cluster_3701043284_4151921021,22.19033678475508,0.368976897689769,0.9097909790979097,4545,5.68125,0.885,0.24109794529620557,0.0,0.0,0.669159219405435,0.669159219405435,0.5411622276029057,0.931384648507915
cluster_4152158088_4152159489_9467311858,35.24338626222563,2.877857609405617,1.4944480731548009,1531,1.91375,1.2825,1.0,1.0,1.0,0.11946014955316432,0.11946014955316432,0.9261501210653754,1.0
