semaforo_id,delay,waiting_time,stops,flujo_vehicular,flujo_por_segundo,queue_length,delay_norm,waiting_time_norm,stops_norm,flujo_vehicular_norm,flujo_por_segundo_norm,queue_length_norm,road_rage
308495742,46.6006145340151,10.924528301886792,1.735964810741984,8639,10.79875,9.7025,0.441147604092322,1.0,0.4520453382169409,0.3320936442092214,0.33209364420922144,1.0,1.0
308512653,37.91590986463221,0.5900600400266844,1.7958639092728486,5996,7.495,1.115,0.3092839351577589,0.050012492031152704,0.49328907721219395,0.20607447670814857,0.20607447670814857,0.10998834045860863,1.0
308512659,27.44143910783732,2.1335270338554824,1.2950985346134412,7916,9.895,2.40625,0.15024546502899758,0.19189442789339245,0.14848528355125068,0.2976207504887236,0.2976207504887236,0.24381396553957768,1.0
308512668,39.769222544913255,0.9043816543816544,1.683046683046683,4884,6.105,1.2225,0.337423592061276,0.07890624829956447,0.4156083717130483,0.15305392647689886,0.15305392647689892,0.12112968001036403,1.0
308512669,56.48708622191795,4.494989722507708,2.0399537512846866,7784,9.73,6.47375,0.5912582272181154,0.40896994623751265,0.6613580128430272,0.29132694416630905,0.2913269441663091,0.6653711620676254,1.0
308512670,58.73293215826964,7.387935517420697,1.8986479459178367,19230,24.0375,6.1675,0.625357888208678,0.6749016126533796,0.5640613940623392,0.8370762408811329,0.837076240881133,0.633631299391113,1.0
308512701,17.54608656506483,0.045997610513739545,1.0794504181600957,1674,2.0925,0.05375,0.0,0.0,0.0,0.0,0.0,0.0,0.7459414315392718
joinedS_308495714_4152158087,42.79715788665274,1.1173405448189433,1.79302156849812,15161,18.95125,4.66,0.38339805851216224,0.09848231941422066,0.4913319732836922,0.6430648929576122,0.6430648929576123,0.4773934447467289,1.0
joinedS_308495840_308495841,83.40732597660163,6.173356294431934,2.531770212390162,22647,28.30875,7.32375,1.0,0.563252415032238,1.0,1.0,1.0,0.7534654748024356,1.0
