semaforo_id,delay,waiting_time,stops,flujo_vehicular,flujo_por_segundo,queue_length
308495742,46.6006145340151,10.924528301886792,1.735964810741984,8639,10.79875,9.7025
308512653,37.91590986463221,0.5900600400266844,1.7958639092728486,5996,7.495,1.115
308512659,27.44143910783732,2.1335270338554824,1.2950985346134412,7916,9.895,2.40625
308512668,39.769222544913255,0.9043816543816544,1.683046683046683,4884,6.105,1.2225
308512669,56.48708622191795,4.494989722507708,2.0399537512846866,7784,9.73,6.47375
308512670,58.73293215826964,7.387935517420697,1.8986479459178367,19230,24.0375,6.1675
308512701,17.54608656506483,0.045997610513739545,1.0794504181600957,1674,2.0925,0.05375
joinedS_308495714_4152158087,42.79715788665274,1.1173405448189433,1.79302156849812,15161,18.95125,4.66
joinedS_308495840_308495841,83.40732597660163,6.173356294431934,2.531770212390162,22647,28.30875,7.32375
