semaforo_id,delay,waiting_time,stops,flujo_vehicular,flujo_por_segundo,queue_length,delay_norm,waiting_time_norm,stops_norm,flujo_vehicular_norm,flujo_por_segundo_norm,queue_length_norm,road_rage
cluster_1520634082_307862705,16.365805875998326,0.8985005767012687,0.9700115340253749,867,1.08375,0.3175,0.0,0.22275803973519642,0.10032691910755605,0.0,0.0,0.0,0.7114027079349735
cluster_307862891_307862894_307862896_307862898,27.129850348055204,0.47070033349213913,1.0709861838970938,6297,7.87125,1.29125,0.6138255298456566,0.05904068275741771,0.27965282269141206,1.0,1.0,1.0,1.0
cluster_3701043284_4151921021,22.472672817054136,0.31642458100558657,0.9135195530726257,4475,5.59375,0.71125,0.34824743111398576,0.0,0.0,0.6644567219152855,0.6644567219152855,0.4043645699614891,0.9417761864251822
cluster_4152158088_4152159489_9467311858,33.90180584452919,2.929466051417271,1.4765985497692815,1517,1.89625,1.2825,1.0,1.0,1.0,0.11970534069981584,0.11970534069981584,0.9910141206675225,1.0
