semaforo_id,delay,waiting_time,stops,flujo_vehicular,flujo_por_segundo,queue_length
cluster_1520634082_307862705,18.564553241756165,0.7966850828729282,1.1480662983425414,905,1.13125,0.3275
cluster_307862891_307862894_307862896_307862898,24.926278974451872,0.35771963824289404,0.9294250645994832,6192,7.74,1.02375
cluster_3701043284_4151921021,21.924439792067442,0.30522803114571745,0.9521690767519466,4495,5.61875,0.7225
cluster_4152158088_4152159489_9467311858,35.77512872417983,3.4777998674618953,1.5685884691848906,1509,1.88625,1.3375
