semaforo_id,delay,waiting_time,stops,flujo_vehicular,flujo_por_segundo,queue_length
308495742,49.22828333016313,15.254257056216469,1.6670165616981572,8574,10.7175,8.8525
308512653,33.90082126806151,0.8060030523995252,1.731558419535357,5897,7.37125,1.415
308512659,23.89475745596486,0.37308578398156933,1.2910963545195826,7379,9.22375,0.78
308512668,39.77630561398999,1.3270321361058601,1.7351606805293005,5290,6.6125,1.91125
308512669,55.79846553590856,4.637805927930144,1.9758947238961997,8131,10.16375,5.4925
308512670,45.93630149252574,4.5203728674444505,1.7103828340270857,17057,21.32125,3.39125
308512701,17.178944356193917,0.5043956043956044,1.1549450549450548,1820,2.275,0.1075
joinedS_308495714_4152158087,53.09076031872354,2.0188782991202348,1.9896749755620724,16368,20.46,5.69
joinedS_308495840_308495841,64.18331821861169,4.455866767600303,2.148271511481201,19815,24.76875,7.6025
