semaforo_id,delay,waiting_time,stops,flujo_vehicular,flujo_por_segundo,queue_length,delay_norm,waiting_time_norm,stops_norm,flujo_vehicular_norm,flujo_por_segundo_norm,queue_length_norm,road_rage
308495742,49.22828333016313,15.254257056216469,1.6670165616981572,8574,10.7175,8.8525,0.6818373768317374,1.0,0.5155117971374282,0.37532647957766047,0.37532647957766035,1.0,1.0
308512653,33.90082126806151,0.8060030523995252,1.731558419535357,5897,7.37125,1.415,0.3557515085896619,0.02909161251478151,0.5804872716277236,0.22656293414837456,0.2265629341483745,0.14951400800457407,1.0
308512659,23.89475745596486,0.37308578398156933,1.2910963545195826,7379,9.22375,0.78,0.14287634421911863,0.0,0.1370660155869646,0.3089191442067241,0.30891914420672406,0.07690108633504861,1.0
308512668,39.77630561398999,1.3270321361058601,1.7351606805293005,5290,6.6125,1.91125,0.4807501813328852,0.06410425192163145,0.5841137339757668,0.1928313420394554,0.1928313420394554,0.20626072041166382,1.0
308512669,55.79846553590856,4.637805927930144,1.9758947238961997,8131,10.16375,5.4925,0.8216154797158736,0.2865849781532745,0.8264651198498216,0.3507085301472631,0.3507085301472631,0.6157804459691253,1.0
308512670,45.93630149252574,4.5203728674444505,1.7103828340270857,17057,21.32125,3.39125,0.6118017276542151,0.2786935925669263,0.5591694205134854,0.8467352042233954,0.8467352042233953,0.3755002858776444,1.0
308512701,17.178944356193917,0.5043956043956044,1.1549450549450548,1820,2.275,0.1075,0.0,0.008823890136862496,0.0,0.0,0.0,0.0,0.743443488533471
joinedS_308495714_4152158087,53.09076031872354,2.0188782991202348,1.9896749755620724,16368,20.46,5.69,0.7640100912235068,0.1105956302115388,0.8403379524671327,0.8084467907752153,0.8084467907752153,0.6383647798742139,1.0
joinedS_308495840_308495841,64.18331821861169,4.455866767600303,2.148271511481201,19815,24.76875,7.6025,1.0,0.27435884641932284,1.0,1.0,1.0,0.8570611778158949,1.0
