semaforo_id,delay,waiting_time,stops,flujo_vehicular,flujo_por_segundo,queue_length,delay_norm,waiting_time_norm,stops_norm,flujo_vehicular_norm,flujo_por_segundo_norm,queue_length_norm,road_rage
308495742,25.67917320680844,6.537959183673469,1.2416326530612245,1225,6.125,5.205,0.7413401001500234,1.0,0.5699157422593522,0.36024265048996734,0.36024265048996734,1.0,1.0
308512653,17.266112384330135,0.3161512027491409,1.145475372279496,873,4.365,0.405,0.27858570927177634,0.0,0.37666352253905006,0.19598693420438637,0.1959869342043864,0.0,0.7427865343193681
308512659,22.761829501718104,1.161624203821656,1.1687898089171975,1256,6.28,1.27,0.5808736970515751,0.13588863617531785,0.42351974179915525,0.37470835277648157,0.3747083527764816,0.18020833333333333,0.9804572565018452
308512668,25.88668677646026,3.8519637462235647,1.4269889224572003,993,4.965,2.465,0.752754235569873,0.568293421191236,0.9424357449948403,0.25198320111992534,0.25198320111992534,0.4291666666666666,1.0
308512669,30.38171415005915,3.0196245733788394,1.4556313993174061,1172,5.86,3.365,1.0,0.4345157193726289,1.0,0.3355109659356043,0.3355109659356043,0.6166666666666667,1.0
308512670,21.755900913627293,0.974191063174114,1.0192604006163328,2596,12.98,2.07,0.5255433148195525,0.10576344728774688,0.12300281959957965,1.0,1.0,0.346875,0.9304902738332275
308512701,12.201312216948542,0.6843267108167771,0.9580573951434879,453,2.265,0.625,0.0,0.05917500334250738,0.0,0.0,0.0,0.04583333333333333,0.5400613187000168
joinedS_308495714_4152158087,22.47191231825665,0.6627450980392157,1.238655462184874,1785,8.925,1.76,0.5649270098150596,0.055706298933157344,0.5639323290356383,0.6215585627624824,0.6215585627624826,0.28229166666666666,0.9616776131784451
joinedS_308495840_308495841,25.205929089157234,0.7706708268330733,1.3533541341653665,2564,12.82,2.955,0.715309646071375,0.07305266017168337,0.7944481337568222,0.9850676621558563,0.9850676621558563,0.53125,1.0
