semaforo_id,delay,waiting_time,stops,flujo_vehicular,flujo_por_segundo,queue_length
308495742,47.60791159360835,9.87308868501529,1.7408844977652318,8502,10.6275,7.91375
308512653,38.64627288909197,0.3572288121024583,1.7515901667526217,5817,7.27125,1.005
308512659,29.179308234212275,2.205113031127944,1.3781512605042017,8449,10.56125,2.90875
308512668,50.242177511197475,2.328268551236749,1.8183745583038868,5660,7.075,3.0975
308512669,52.82124534743015,1.953810623556582,1.9360565819861433,6928,8.66,4.01
308512670,51.750212917457425,3.3264322488772047,1.933289516924088,18258,22.8225,7.2075
308512701,22.75921182023961,0.0916072408118486,1.1689522764673614,1823,2.27875,0.07625
joinedS_308495714_4152158087,44.186426010651836,1.1566971320516861,1.7859439016703436,15865,19.83125,4.71125
joinedS_308495840_308495841,83.73375460034924,5.009399663030948,2.6910082468741687,22554,28.1925,7.4925
