semaforo_id,delay,waiting_time,stops,flujo_vehicular,flujo_por_segundo,queue_length
308495742,25.40245992458722,5.335719968178202,1.2370723945902944,1257,6.285,5.485
308512653,15.352020327443038,0.8592777085927771,1.0635118306351183,803,4.015,0.675
308512659,18.947807755940214,0.42562724014336917,0.9740143369175627,1116,5.58,0.42
308512668,28.291204582443342,2.8110808356039962,1.469573115349682,1101,5.505,2.09
308512669,29.04698822791331,3.6763110307414104,1.255877034358047,1106,5.53,3.325
308512670,21.850515308375755,0.9456603773584905,0.9762264150943396,2650,13.25,2.285
308512701,12.947221279668327,0.7292929292929293,1.1090909090909091,495,2.475,0.67
joinedS_308495714_4152158087,21.85708102636462,0.5444938820912124,1.1412680756395996,1798,8.99,1.465
joinedS_308495840_308495841,23.829009559534253,0.7432210353327855,1.3779786359901396,2434,12.17,2.965
