semaforo_id,delay,waiting_time,stops,flujo_vehicular,flujo_por_segundo,queue_length,delay_norm,waiting_time_norm,stops_norm,flujo_vehicular_norm,flujo_por_segundo_norm,queue_length_norm,road_rage
308495742,25.40245992458722,5.335719968178202,1.2370723945902944,1257,6.285,5.485,0.7736285056148979,1.0,0.5308311932340533,0.35359628770301627,0.3535962877030162,1.0,1.0
308512653,15.352020327443038,0.8592777085927771,1.0635118306351183,803,4.015,0.675,0.14936856263232154,0.08831818307084556,0.1805991491074249,0.14292343387471,0.14292343387470993,0.05034550839091807,0.6738068404949819
308512659,18.947807755940214,0.42562724014336917,0.9740143369175627,1116,5.58,0.42,0.37271262966486635,0.0,0.0,0.2881670533642691,0.2881670533642691,0.0,0.8053854285171784
308512668,28.291204582443342,2.8110808356039962,1.469573115349682,1101,5.505,2.09,0.9530562369070593,0.48582658772217474,1.0,0.28120649651972157,0.28120649651972157,0.32971372161895357,1.0
308512669,29.04698822791331,3.6763110307414104,1.255877034358047,1106,5.53,3.325,1.0,0.6620412221622264,0.5687775289386651,0.2835266821345708,0.2835266821345708,0.5735439289239882,1.0
308512670,21.850515308375755,0.9456603773584905,0.9762264150943396,2650,13.25,2.285,0.553007634043918,0.10591106238094494,0.004463805855232042,1.0,1.0,0.368213228035538,0.9319828764859736
308512701,12.947221279668327,0.7292929292929293,1.1090909090909091,495,2.475,0.67,0.0,0.06184520455504642,0.2725742697984493,0.0,0.0,0.0493583415597236,0.5768383461362281
joinedS_308495714_4152158087,21.85708102636462,0.5444938820912124,1.1412680756395996,1798,8.99,1.465,0.5534154485178774,0.024208634853097214,0.3375053495191934,0.6046403712296984,0.6046403712296984,0.20631786771964464,0.9308238417219932
joinedS_308495840_308495841,23.829009559534253,0.7432210353327855,1.3779786359901396,2434,12.17,2.965,0.6758972545905167,0.06468183245828983,0.8151692930365698,0.8997679814385151,0.8997679814385151,0.5024679170779861,1.0
