semaforo_id,delay,waiting_time,stops,flujo_vehicular,flujo_por_segundo,queue_length,delay_norm,waiting_time_norm,stops_norm,flujo_vehicular_norm,flujo_por_segundo_norm,queue_length_norm,road_rage
308495742,47.60791159360835,9.87308868501529,1.7408844977652318,8502,10.6275,7.91375,0.4075258073353619,1.0,0.3757629367236786,0.322174521248372,0.322174521248372,1.0,1.0
308512653,38.64627288909197,0.3572288121024583,1.7515901667526217,5817,7.27125,1.005,0.26055236078022453,0.027155556426273084,0.3827966261513601,0.1926583377550528,0.1926583377550528,0.11850079744816584,1.0
308512659,29.179308234212275,2.205113031127944,1.3781512605042017,8449,10.56125,2.90875,0.10529142362125182,0.21607215659224815,0.13744500077807692,0.3196179634363996,0.31961796343639953,0.36140350877192984,1.0
308512668,50.242177511197475,2.328268551236749,1.8183745583038868,5660,7.075,3.0975,0.45072852436251515,0.2286628383628288,0.4266743762799676,0.18508513819883265,0.18508513819883268,0.3854864433811802,1.0
308512669,52.82124534743015,1.953810623556582,1.9360565819861433,6928,8.66,4.01,0.4930259770147388,0.1903805055877589,0.5039921792848092,0.24624957792677632,0.24624957792677632,0.5019138755980861,1.0
308512670,51.750212917457425,3.3264322488772047,1.933289516924088,18258,22.8225,7.2075,0.4754607377994953,0.3307091084840048,0.5021742007637462,0.7927741064106893,0.7927741064106895,0.9098883572567782,1.0
308512701,22.75921182023961,0.0916072408118486,1.1689522764673614,1823,2.27875,0.07625,0.0,0.0,0.0,0.0,0.0,0.0,0.9589587086845158
joinedS_308495714_4152158087,44.186426010651836,1.1566971320516861,1.7859439016703436,15865,19.83125,4.71125,0.35141246188076297,0.10888840277573858,0.405367238261334,0.6773431093531427,0.6773431093531427,0.5913875598086124,1.0
joinedS_308495840_308495841,83.73375460034924,5.009399663030948,2.6910082468741687,22554,28.1925,7.4925,1.0,0.5027656035817979,1.0,1.0,1.0,0.9462519936204146,1.0
