semaforo_id,delay,waiting_time,stops,flujo_vehicular,flujo_por_segundo,queue_length
308495742,48.60844688944808,16.48492517605634,1.6352332746478873,9088,11.36,11.4525
308512653,40.45307724815909,0.7550847457627119,1.9213559322033897,5900,7.375,1.73
308512659,24.02160280778153,0.9110329555816074,1.2313403673309886,7677,9.59625,1.38875
308512668,40.22365170632634,1.6185567010309279,1.7293345829428304,5335,6.66875,1.96875
308512669,45.996284340377464,1.7063661285409686,1.8184587267742918,6566,8.2075,3.58
308512670,45.020997450062744,3.8794886363636363,1.6360227272727272,17600,22.0,5.39625
308512701,28.045997348763553,0.0809551543389633,1.1735585323238207,1717,2.14625,0.07125
joinedS_308495714_4152158087,51.37238472757724,1.5745260810308512,1.8968529302440837,16142,20.1775,5.725
joinedS_308495840_308495841,80.16515739885564,6.5300210835090295,2.3956366303052525,21818,27.2725,6.34875
