semaforo_id,delay,waiting_time,stops,flujo_vehicular,flujo_por_segundo,queue_length,delay_norm,waiting_time_norm,stops_norm,flujo_vehicular_norm,flujo_por_segundo_norm,queue_length_norm,road_rage
308495742,48.60844688944808,16.48492517605634,1.6352332746478873,9088,11.36,11.4525,0.4379281693285493,1.0,0.37777842765256825,0.3666981742201881,0.366698174220188,1.0,1.0
308512653,40.45307724815909,0.7550847457627119,1.9213559322033897,5900,7.375,1.73,0.29266893697874075,0.041095514715721974,0.6119063921649065,0.2080990995472862,0.2080990995472862,0.14574409665019217,1.0
308512659,24.02160280778153,0.9110329555816074,1.2313403673309886,7677,9.59625,1.38875,0.0,0.05060225056152236,0.04728162226506564,0.2965026615591264,0.2965026615591264,0.11576057111477207,1.0
308512668,40.22365170632634,1.6185567010309279,1.7293345829428304,5335,6.66875,1.96875,0.2885825277105036,0.09373350138145331,0.4547794871187145,0.17999104522163076,0.17999104522163076,0.16672158154859965,1.0
308512669,45.996284340377464,1.7063661285409686,1.8184587267742918,6566,8.2075,3.58,0.39140167901106754,0.09908643895655184,0.5277078408619591,0.24123177951345703,0.24123177951345703,0.3082921471718835,1.0
308512670,45.020997450062744,3.8794886363636363,1.6360227272727272,17600,22.0,5.39625,0.3740303725909754,0.23156184002992916,0.37842441961179246,0.7901596935475848,0.7901596935475846,0.4678747940691927,1.0
308512701,28.045997348763553,0.0809551543389633,1.1735585323238207,1717,2.14625,0.07125,0.07168043723440758,0.0,0.0,0.0,0.0,0.0,1.0
joinedS_308495714_4152158087,51.37238472757724,1.5745260810308512,1.8968529302440837,16142,20.1775,5.725,0.48715800271299586,0.09104935724184662,0.5918561171458395,0.7176259887567783,0.7176259887567783,0.4967600219659527,1.0
joinedS_308495840_308495841,80.16515739885564,6.5300210835090295,2.3956366303052525,21818,27.2725,6.34875,1.0,0.39314055808637083,1.0,1.0,1.0,0.5515650741350905,1.0
