semaforo_id,delay,waiting_time,stops,flujo_vehicular,flujo_por_segundo,queue_length,delay_norm,waiting_time_norm,stops_norm,flujo_vehicular_norm,flujo_por_segundo_norm,queue_length_norm,road_rage
cluster_1520634082_307862705,16.315836916712374,0.4224037339556593,1.0910151691948657,857,1.07125,0.215,0.0,0.034840660252274586,0.3098855264877325,0.0,0.0,0.0,0.704722158115403
cluster_307862891_307862894_307862896_307862898,24.76864997756893,0.3628418837999676,1.0283217349085612,6179,7.72375,1.02125,0.5299246979609773,0.015279471416151312,0.20376877502108773,1.0,1.0,0.7111356119073872,1.0
cluster_3701043284_4151921021,21.634965970477346,0.31631743201069995,0.9079358002674989,4486,5.6075,0.71875,0.33346743113069954,0.0,0.0,0.6818865088312664,0.6818865088312664,0.44432194046306517,0.9080424194700079
cluster_4152158088_4152159489_9467311858,32.26680710810173,3.3612167300380227,1.4987325728770595,1578,1.9725,1.34875,1.0,1.0,1.0,0.13547538519353627,0.13547538519353625,1.0,1.0
