semaforo_id,delay,waiting_time,stops,flujo_vehicular,flujo_por_segundo,queue_length
cluster_1520634082_307862705,16.315836916712374,0.4224037339556593,1.0910151691948657,857,1.07125,0.215
cluster_307862891_307862894_307862896_307862898,24.76864997756893,0.3628418837999676,1.0283217349085612,6179,7.72375,1.02125
cluster_3701043284_4151921021,21.634965970477346,0.31631743201069995,0.9079358002674989,4486,5.6075,0.71875
cluster_4152158088_4152159489_9467311858,32.26680710810173,3.3612167300380227,1.4987325728770595,1578,1.9725,1.34875
