semaforo_id,delay,waiting_time,stops,flujo_vehicular,flujo_por_segundo,queue_length
cluster_1520634082_307862705,16.486133018224542,0.8037825059101655,0.9609929078014184,846,1.0575,0.285
cluster_307862891_307862894_307862896_307862898,26.028359802486513,0.41023181454836133,1.0326139088729016,6255,7.81875,1.10625
cluster_3701043284_4151921021,22.083140229600534,0.2430617726051925,0.887645478961504,4468,5.585,0.60375
cluster_4152158088_4152159489_9467311858,33.382506839118335,3.183266932270916,1.399070385126162,1506,1.8825,1.19625
