semaforo_id,delay,waiting_time,stops,flujo_vehicular,flujo_por_segundo,queue_length,delay_norm,waiting_time_norm,stops_norm,flujo_vehicular_norm,flujo_por_segundo_norm,queue_length_norm,road_rage
cluster_1520634082_307862705,16.359178936793178,0.9130434782608695,0.6695652173913044,115,0.575,0.21,0.0,0.3306713989943803,0.0,0.0,0.0,0.0,0.6994106357325968
cluster_307862891_307862894_307862896_307862898,19.869588705493825,0.4501366120218579,0.7506830601092896,1464,7.32,1.28,0.2726833795396008,0.13543176833574957,0.141074509074757,1.0,1.0,1.0,0.8338136028645617
cluster_3701043284_4151921021,16.487717661554385,0.12903225806451613,0.7001194743130227,837,4.185,0.265,0.009984695855768992,0.0,0.0531378381247275,0.5352112676056338,0.5352112676056338,0.051401869158878524,0.6900941305959866
cluster_4152158088_4152159489_9467311858,29.232753316821878,2.5,1.2445652173913044,184,0.92,0.51,1.0,1.0,1.0,0.05114899925871016,0.051148999258710165,0.28037383177570097,1.0
