semaforo_id,delay,waiting_time,stops,flujo_vehicular,flujo_por_segundo,queue_length,delay_norm,waiting_time_norm,stops_norm,flujo_vehicular_norm,flujo_por_segundo_norm,queue_length_norm,road_rage
cluster_1520634082_307862705,16.823361680132606,0.1558282208588957,1.0723926380368098,815,1.01875,0.125,0.0,0.0,0.2564662383064561,0.0,0.0,0.0,0.7189467371439546
cluster_307862891_307862894_307862896_307862898,25.720265405864467,0.43856032979229426,1.0256857459965119,6307,7.88375,1.2525,0.4363158996813272,0.08632616156652198,0.1863530731765952,1.0,1.0,1.0,1.0
cluster_3701043284_4151921021,22.183647759056594,0.3206533900201387,0.9015439695681361,4469,5.58625,0.75375,0.2628755031158467,0.05032581632457795,0.0,0.6653313911143481,0.6653313911143481,0.557649667405765,0.929820736945392
cluster_4152158088_4152159489_9467311858,37.214330086807465,3.4309895833333335,1.5677083333333333,1536,1.92,1.25,1.0,1.0,1.0,0.13128186453022578,0.13128186453022575,0.9977827050997783,1.0
