semaforo_id,delay,waiting_time,stops,flujo_vehicular,flujo_por_segundo,queue_length
cluster_1520634082_307862705,16.823361680132606,0.1558282208588957,1.0723926380368098,815,1.01875,0.125
cluster_307862891_307862894_307862896_307862898,25.720265405864467,0.43856032979229426,1.0256857459965119,6307,7.88375,1.2525
cluster_3701043284_4151921021,22.183647759056594,0.3206533900201387,0.9015439695681361,4469,5.58625,0.75375
cluster_4152158088_4152159489_9467311858,37.214330086807465,3.4309895833333335,1.5677083333333333,1536,1.92,1.25
