semaforo_id,delay,waiting_time,stops,flujo_vehicular,flujo_por_segundo,queue_length
cluster_1520634082_307862705,11.052130336843206,0.0,0.3490566037735849,106,0.53,0.0
cluster_307862891_307862894_307862896_307862898,17.90474688993017,0.5535211267605634,0.6823943661971831,1420,7.1,1.305
cluster_3701043284_4151921021,16.303233420796463,0.297029702970297,0.8041804180418042,909,4.545,0.565
cluster_4152158088_4152159489_9467311858,26.828174713583195,2.419191919191919,1.207070707070707,198,0.99,0.52
