semaforo_id,delay,waiting_time,stops,flujo_vehicular,flujo_por_segundo,queue_length,delay_norm,waiting_time_norm,stops_norm,flujo_vehicular_norm,flujo_por_segundo_norm,queue_length_norm,road_rage
cluster_1520634082_307862705,11.052130336843206,0.0,0.3490566037735849,106,0.53,0.0,0.0,0.0,0.0,0.0,0.0,0.0,0.4560474776246717
cluster_307862891_307862894_307862896_307862898,17.90474688993017,0.5535211267605634,0.6823943661971831,1420,7.1,1.305,0.43436848866819744,0.22880414008056693,0.38849916469049756,1.0,1.0,1.0,0.7545560727803055
cluster_3701043284_4151921021,16.303233420796463,0.297029702970297,0.8041804180418042,909,4.545,0.565,0.3328529610182525,0.12278054527790984,0.5304386169403259,0.6111111111111112,0.6111111111111112,0.4329501915708812,0.6902371476129368
cluster_4152158088_4152159489_9467311858,26.828174713583195,2.419191919191919,1.207070707070707,198,0.99,0.52,1.0,1.0,1.0,0.0700152207001522,0.0700152207001522,0.3984674329501916,1.0
