semaforo_id,delay,waiting_time,stops,flujo_vehicular,flujo_por_segundo,queue_length
308495742,25.07398189872866,6.498330550918197,1.2253756260434057,1198,5.99,5.62
308512653,20.652196370913632,1.0172215843857635,1.2204362801377726,871,4.355,0.795
308512659,24.04798013042046,1.8241469816272966,1.132108486439195,1143,5.715,1.305
308512668,25.55975245938262,0.9945770065075922,1.299349240780911,922,4.61,1.195
308512669,28.7663342038607,2.852014010507881,1.3975481611208407,1142,5.71,3.415
308512670,26.42249042241261,2.6315417256011315,1.2666195190947667,2828,14.14,3.68
308512701,13.476761881847104,1.2217659137577002,0.9486652977412731,487,2.435,0.88
joinedS_308495714_4152158087,22.33313583598192,1.1521853607161665,1.1558715113217484,1899,9.495,2.455
joinedS_308495840_308495841,24.967344724792405,0.8692893401015228,1.2614213197969544,2364,11.82,2.54
