semaforo_id,delay,waiting_time,stops,flujo_vehicular,flujo_por_segundo,queue_length,delay_norm,waiting_time_norm,stops_norm,flujo_vehicular_norm,flujo_por_segundo_norm,queue_length_norm,road_rage
308495742,47.2100252018603,9.473247565227847,1.7300709390405193,8317,10.39625,8.6725,0.3678063537923706,1.0,0.3791340968418236,0.30211931659042107,0.30211931659042107,1.0,1.0
308512653,37.032146272825,0.3629767127910901,1.80863989200135,5926,7.4075,0.9275,0.21802933691400778,0.030326972194145964,0.4300702836945261,0.1905050882270563,0.1905050882270563,0.09915673160802559,1.0
308512659,29.302841133349187,1.9543423118734147,1.405966904215485,8279,10.34875,2.6275,0.10428537568150618,0.19970769904657482,0.16901772064685416,0.3003454392680422,0.3003454392680422,0.29688863041581853,1.0
308512668,50.78291720410205,2.251984126984127,1.8632756132756132,5544,6.93,2.845,0.4203848045143279,0.23138790315190474,0.46549057635192514,0.17267295303893193,0.1726729530389319,0.32218668217505086,1.0
308512669,50.5667482447737,2.0526615428408768,1.8438656419015087,7026,8.7825,4.16125,0.4172036759023992,0.21017253680255235,0.4529071080548501,0.24185416861170758,0.2418541686117076,0.47528351264902585,1.0
308512670,53.5177860285218,4.898791131349271,1.82983682983683,18447,23.05875,8.075,0.4606309596249636,0.5131070093685998,0.4438122408621542,0.7749976659508916,0.7749976659508917,0.9305030532131432,1.0
308512701,22.216280392075237,0.07804878048780488,1.1452574525745258,1845,2.30625,0.075,0.0,0.0,0.0,0.0,0.0,0.0,0.9360224893957467
joinedS_308495714_4152158087,46.60460790175199,1.1046220911596898,1.8492211039169177,15599,19.49875,4.80125,0.35889707143511135,0.10926573606290006,0.4563790496248927,0.6420502287368126,0.6420502287368127,0.5497237569060772,1.0
joinedS_308495840_308495841,90.16982320633073,7.804615979713757,2.6877551897537284,23267,29.08375,7.74625,1.0,0.822395286811352,1.0,1.0,1.0,0.8922651933701657,1.0
