semaforo_id,delay,waiting_time,stops,flujo_vehicular,flujo_por_segundo,queue_length,delay_norm,waiting_time_norm,stops_norm,flujo_vehicular_norm,flujo_por_segundo_norm,queue_length_norm,road_rage
308495742,49.51942080726849,17.36864406779661,1.5576271186440678,9440,11.8,10.2275,0.4116586178860613,1.0,0.31145203107395,0.36118018362662585,0.36118018362662585,1.0,1.0
308512653,39.438042825384414,0.6137269105396596,1.6676928649040204,5522,6.9025,0.785,0.24562255423576615,0.022752482544309807,0.39576272624630576,0.17382364192807956,0.17382364192807953,0.05998008959681434,1.0
308512659,24.524332179111944,0.721761658031088,1.224740932642487,7720,9.65,1.305,0.0,0.029053718640796446,0.056460203836603745,0.2789307574598317,0.27893075745983165,0.11174713787954206,1.0
308512668,39.84070124641245,1.0960874568469505,1.6361718450326046,5214,6.5175,1.7025,0.2522541694121117,0.05088665008289428,0.37161752950522253,0.15909525631216526,0.15909525631216523,0.15131906421105026,1.0
308512669,51.360725115416784,4.821349801499779,1.7825319805910895,6801,8.50125,6.10875,0.44198412694411343,0.2681663503651695,0.48372983686479115,0.23498469778117828,0.23498469778117828,0.5899701343952215,1.0
308512670,40.73977168003892,2.7754111293160992,1.5561623884944475,16479,20.59875,4.3825,0.267061482064405,0.1488349045876468,0.3103300433407026,0.6977811782708493,0.6977811782708492,0.4181184668989547,1.0
308512701,27.87076479076911,0.22363540010598834,1.151033386327504,1887,2.35875,0.1825,0.055114340431335826,0.0,0.0,0.0,0.0,0.0,1.0
joinedS_308495714_4152158087,43.47197643305644,1.1495629038388446,1.7188014696566578,15786,19.7325,5.0975,0.31205974748931425,0.054005659704199835,0.43491207236355334,0.6646423106350421,0.6646423106350421,0.48929815828770534,1.0
joinedS_308495840_308495841,85.2423338002384,8.157726216062107,2.4565112504934428,22799,28.49875,7.6325,1.0,0.4627638847980131,1.0,1.0,1.0,0.741662518666003,1.0
