semaforo_id,delay,waiting_time,stops,flujo_vehicular,flujo_por_segundo,queue_length
308495742,49.51942080726849,17.36864406779661,1.5576271186440678,9440,11.8,10.2275
308512653,39.438042825384414,0.6137269105396596,1.6676928649040204,5522,6.9025,0.785
308512659,24.524332179111944,0.721761658031088,1.224740932642487,7720,9.65,1.305
308512668,39.84070124641245,1.0960874568469505,1.6361718450326046,5214,6.5175,1.7025
308512669,51.360725115416784,4.821349801499779,1.7825319805910895,6801,8.50125,6.10875
308512670,40.73977168003892,2.7754111293160992,1.5561623884944475,16479,20.59875,4.3825
308512701,27.87076479076911,0.22363540010598834,1.151033386327504,1887,2.35875,0.1825
joinedS_308495714_4152158087,43.47197643305644,1.1495629038388446,1.7188014696566578,15786,19.7325,5.0975
joinedS_308495840_308495841,85.2423338002384,8.157726216062107,2.4565112504934428,22799,28.49875,7.6325
