semaforo_id,delay,waiting_time,stops,flujo_vehicular,flujo_por_segundo,queue_length
308495742,43.696872403216126,12.854482359745518,1.56737998843262,8645,10.80625,10.185
308512653,38.42871981232294,0.5082167832167832,1.8722027972027973,5720,7.15,0.91375
308512659,27.379109095044367,1.7985794013191274,1.2555809233891426,7884,9.855,2.0525
308512668,39.797504294729286,0.7743579290664493,1.6127191194455768,4906,6.1325,1.43875
308512669,52.587601171967165,2.696917314894843,1.9825698645923364,6942,8.6775,4.545
308512670,48.81599595063955,5.119150110375276,1.7093267108167771,18120,22.65,6.66625
308512701,22.928728895605673,0.2375846501128668,1.0998871331828441,1772,2.215,0.135
joinedS_308495714_4152158087,46.50903582931174,1.1864668424776483,1.8133401942496945,15547,19.43375,4.4375
joinedS_308495840_308495841,82.65214376775879,8.657677270303893,2.3771547894082103,22508,28.135,7.55375
