semaforo_id,delay,waiting_time,stops,flujo_vehicular,flujo_por_segundo,queue_length,delay_norm,waiting_time_norm,stops_norm,flujo_vehicular_norm,flujo_por_segundo_norm,queue_length_norm,road_rage
308495742,43.696872403216126,12.854482359745518,1.56737998843262,8645,10.80625,10.185,0.3477387144065316,1.0,0.36601009425959313,0.3314525462962963,0.3314525462962963,1.0,1.0
308512653,38.42871981232294,0.5082167832167832,1.8722027972027973,5720,7.15,0.91375,0.2595295488360354,0.021449974417823512,0.604662351117801,0.19039351851851852,0.19039351851851852,0.07748756218905471,1.0
308512659,27.379109095044367,1.7985794013191274,1.2555809233891426,7884,9.855,2.0525,0.07451650594604138,0.12372254948333966,0.12189597806493524,0.29475308641975306,0.29475308641975306,0.19079601990049752,1.0
308512668,39.797504294729286,0.7743579290664493,1.6127191194455768,4906,6.1325,1.43875,0.28244827318119275,0.042543998636350285,0.4015070637412637,0.15113811728395063,0.15113811728395063,0.12972636815920396,1.0
308512669,52.587601171967165,2.696917314894843,1.9825698645923364,6942,8.6775,4.545,0.49660375817174446,0.19492372224785054,0.69107107434164,0.24932484567901234,0.24932484567901234,0.4388059701492537,1.0
308512670,48.81599595063955,5.119150110375276,1.7093267108167771,18120,22.65,6.66625,0.43345255977826175,0.3869069538810218,0.47714320069371663,0.7883873456790124,0.7883873456790123,0.6498756218905473,1.0
308512701,22.928728895605673,0.2375846501128668,1.0998871331828441,1772,2.215,0.135,0.0,0.0,0.0,0.0,0.0,0.0,0.9658963341537982
joinedS_308495714_4152158087,46.50903582931174,1.1864668424776483,1.8133401942496945,15547,19.43375,4.4375,0.3948251616921644,0.07520725095839814,0.5585775679744965,0.6643036265432098,0.6643036265432098,0.4281094527363184,1.0
joinedS_308495840_308495841,82.65214376775879,8.657677270303893,2.3771547894082103,22508,28.135,7.55375,1.0,0.6673663220525692,1.0,1.0,1.0,0.7381840796019901,1.0
