semaforo_id,delay,waiting_time,stops,flujo_vehicular,flujo_por_segundo,queue_length
cluster_1520634082_307862705,17.377253159287203,1.0710259301014655,1.109357384441939,887,1.10875,0.38375
cluster_307862891_307862894_307862896_307862898,26.01643292738633,0.41882804995196926,1.0392251040666027,6246,7.8075,1.2575
cluster_3701043284_4151921021,23.127201254927137,0.26912986445124615,0.9580236117184084,4574,5.7175,0.7025
cluster_4152158088_4152159489_9467311858,32.365809322031026,2.981353591160221,1.4337016574585635,1448,1.81,1.10125
