semaforo_id,delay,waiting_time,stops,flujo_vehicular,flujo_por_segundo,queue_length,delay_norm,waiting_time_norm,stops_norm,flujo_vehicular_norm,flujo_por_segundo_norm,queue_length_norm,road_rage
cluster_1520634082_307862705,17.377253159287203,1.0710259301014655,1.109357384441939,887,1.10875,0.38375,0.0,0.2956599994880378,0.31814327795611275,0.0,0.0,0.0,0.760884940351195
cluster_307862891_307862894_307862896_307862898,26.01643292738633,0.41882804995196926,1.0392251040666027,6246,7.8075,1.2575,0.5763850549910224,0.055193892755435625,0.17070683222692098,1.0,1.0,1.0,1.0
cluster_3701043284_4151921021,23.127201254927137,0.26912986445124615,0.9580236117184084,4574,5.7175,0.7025,0.38362254730927603,0.0,0.0,0.6880014928158239,0.6880014928158239,0.36480686695278974,0.9687915919548468
cluster_4152158088_4152159489_9467311858,32.365809322031026,2.981353591160221,1.4337016574585635,1448,1.81,1.10125,1.0,1.0,1.0,0.10468370964732227,0.10468370964732228,0.821173104434907,1.0
