semaforo_id,delay,waiting_time,stops,flujo_vehicular,flujo_por_segundo,queue_length,delay_norm,waiting_time_norm,stops_norm,flujo_vehicular_norm,flujo_por_segundo_norm,queue_length_norm,road_rage
cluster_1520634082_307862705,14.837152462526436,0.5892857142857143,0.6607142857142857,112,0.56,0.165,0.0,0.18278307195918064,0.0,0.0,0.0,0.0,0.6317003842153432
cluster_307862891_307862894_307862896_307862898,19.53178156961758,0.6583850931677019,0.6694271911663217,1449,7.245,1.515,0.37310569403860366,0.20820367935638998,0.016040867745720847,1.0,1.0,1.0,0.8212160522947101
cluster_3701043284_4151921021,17.665160003114575,0.09243697478991597,0.6890756302521008,833,4.165,0.2,0.22475592684920861,0.0,0.0522145660051445,0.5392670157068062,0.5392670157068062,0.025925925925925932,0.7360181648304654
cluster_4152158088_4152159489_9467311858,27.419724055779604,2.8106796116504853,1.203883495145631,206,1.03,0.665,1.0,1.0,1.0,0.07030665669409125,0.07030665669409124,0.3703703703703704,1.0
