semaforo_id,delay,waiting_time,stops,flujo_vehicular,flujo_por_segundo,queue_length,delay_norm,waiting_time_norm,stops_norm,flujo_vehicular_norm,flujo_por_segundo_norm,queue_length_norm,road_rage
cluster_1520634082_307862705,15.942396352207723,0.9736238532110092,1.003440366972477,872,1.09,0.355,0.0,0.3187947578143159,0.13274792269099261,0.0,0.0,0.0,0.6973059458314282
cluster_307862891_307862894_307862896_307862898,25.37930946958577,0.46191607284243863,1.044972288202692,6315,7.89375,1.35,0.6965016887403118,0.09886914664117666,0.29386004475101674,1.0,1.0,1.0,1.0
cluster_3701043284_4151921021,23.02340752193886,0.23187414500683995,0.96922024623803,4386,5.4825,0.59,0.522621770102408,0.0,0.0,0.6455998530222304,0.6455998530222304,0.23618090452261303,0.9643425936272124
cluster_4152158088_4152159489_9467311858,29.491413203043482,2.558605341246291,1.2270029673590503,1348,1.685,0.91125,1.0,1.0,1.0,0.08745177291934594,0.08745177291934594,0.5590452261306532,1.0
