semaforo_id,delay,waiting_time,stops,flujo_vehicular,flujo_por_segundo,queue_length
cluster_1520634082_307862705,15.942396352207723,0.9736238532110092,1.003440366972477,872,1.09,0.355
cluster_307862891_307862894_307862896_307862898,25.37930946958577,0.46191607284243863,1.044972288202692,6315,7.89375,1.35
cluster_3701043284_4151921021,23.02340752193886,0.23187414500683995,0.96922024623803,4386,5.4825,0.59
cluster_4152158088_4152159489_9467311858,29.491413203043482,2.558605341246291,1.2270029673590503,1348,1.685,0.91125
