semaforo_id,delay,waiting_time,stops,flujo_vehicular,flujo_por_segundo,queue_length
308495742,54.17635681068253,14.871846846846847,1.7777027027027028,8880,11.1,9.45375
308512653,38.92178260281311,0.570873786407767,1.778640776699029,5665,7.08125,1.30125
308512659,24.01815361271157,1.056697656147702,1.2389681812229933,7637,9.54625,1.61125
308512668,58.58326869666918,2.267873723305478,2.074744661095636,6462,8.0775,3.39375
308512669,52.32303293506158,4.859163143315352,1.8861350051027848,6859,8.57375,5.87
308512670,55.375677085631246,5.816970258310178,1.8754245137388084,19434,24.2925,6.895
308512701,19.38797318486587,0.09378531073446328,1.0152542372881357,1770,2.2125,0.12625
joinedS_308495714_4152158087,48.03306467804372,1.3227360308285163,1.9183044315992293,15570,19.4625,4.6625
joinedS_308495840_308495841,85.27500777967927,4.286431485050876,2.714509839078399,22309,27.88625,6.4475
