semaforo_id,delay,waiting_time,stops,flujo_vehicular,flujo_por_segundo,queue_length,delay_norm,waiting_time_norm,stops_norm,flujo_vehicular_norm,flujo_por_segundo_norm,queue_length_norm,road_rage
308495742,54.17635681068253,14.871846846846847,1.7777027027027028,8880,11.1,9.45375,0.5280004456074759,1.0,0.44869557270329663,0.3461706996445786,0.34617069964457853,1.0,1.0
308512653,38.92178260281311,0.570873786407767,1.778640776699029,5665,7.08125,1.30125,0.2964742538205678,0.03228356266533789,0.4492476226687862,0.18963922294172064,0.18963922294172064,0.12597158938622355,1.0
308512659,24.01815361271157,1.056697656147702,1.2389681812229933,7637,9.54625,1.61125,0.07027453058587317,0.06515823087217627,0.13165408647125376,0.28565168703442234,0.2856516870344223,0.1592066470115251,1.0
308512668,58.58326869666918,2.267873723305478,2.074744661095636,6462,8.0775,3.39375,0.5948863194836932,0.1471159398855058,0.6235026812277484,0.2284434490481523,0.22844344904815228,0.35030822835700887,1.0
308512669,52.32303293506158,4.859163143315352,1.8861350051027848,6859,8.57375,5.87,0.49987163563722364,0.32246298480595587,0.5125072219253691,0.24777253030819416,0.24777253030819416,0.6157866523720184,1.0
308512670,55.375677085631246,5.816970258310178,1.8754245137388084,19434,24.2925,6.895,0.5462031205696167,0.3872757555915073,0.506204172900436,0.8600223964165733,0.8600223964165734,0.7256767622621282,1.0
308512701,19.38797318486587,0.09378531073446328,1.0152542372881357,1770,2.2125,0.12625,0.0,0.0,0.0,0.0,0.0,0.0,0.8180048031008494
joinedS_308495714_4152158087,48.03306467804372,1.3227360308285163,1.9183044315992293,15570,19.4625,4.6625,0.43476067285979786,0.08316048198141074,0.5314387037239592,0.671892497200448,0.6718924972004479,0.48633074242830343,1.0
joinedS_308495840_308495841,85.27500777967927,4.286431485050876,2.714509839078399,22309,27.88625,6.4475,1.0,0.283707451350846,1.0,1.0,1.0,0.6777003484320558,1.0
