semaforo_id,delay,waiting_time,stops,flujo_vehicular,flujo_por_segundo,queue_length
308495742,52.174061714134595,15.158177864255466,1.7538056541146847,8737,10.92125,11.02375
308512653,40.77152664860698,0.47241673783091376,1.840990606319385,5855,7.31875,1.13
308512659,27.922620688290277,1.865063543483678,1.2696237229005731,8026,10.0325,2.20875
308512668,56.341201334516654,2.932739704245508,2.028462394657338,6289,7.86125,3.65875
308512669,48.94633685343462,2.8123072404170952,1.7892495226905567,6809,8.51125,4.085
308512670,54.483601024172444,5.777777777777778,1.8676431139009604,18639,23.29875,6.83125
308512701,26.362214268688835,0.24392935982339956,1.206401766004415,1812,2.265,0.2275
joinedS_308495714_4152158087,51.52599664537268,1.4432671081677704,1.9391359192683697,15855,19.81875,4.63875
joinedS_308495840_308495841,68.20776515967485,4.862142099681867,2.256145763038658,20746,25.9325,6.9275
