semaforo_id,delay,waiting_time,stops,flujo_vehicular,flujo_por_segundo,queue_length,delay_norm,waiting_time_norm,stops_norm,flujo_vehicular_norm,flujo_por_segundo_norm,queue_length_norm,road_rage
308495742,52.174061714134595,15.158177864255466,1.7538056541146847,8737,10.92125,11.02375,0.6168361246501336,1.0,0.5214641757007477,0.3657441639378895,0.3657441639378895,1.0,1.0
308512653,40.77152664860698,0.47241673783091376,1.840990606319385,5855,7.31875,1.13,0.3443451471688491,0.015320073146133687,0.6045177129927131,0.21353121368965883,0.21353121368965877,0.08359384045386127,1.0
308512659,27.922620688290277,1.865063543483678,1.2696237229005731,8026,10.0325,2.20875,0.037289661299155466,0.10869700764195568,0.060226071380044995,0.32819266927220875,0.32819266927220875,0.18351279379414148,1.0
308512668,56.341201334516654,2.932739704245508,2.028462394657338,6289,7.86125,3.65875,0.7164199401730332,0.18028466829039858,0.7831058152991821,0.23645294179782403,0.236452941797824,0.31781868704411254,1.0
308512669,48.94633685343462,2.8123072404170952,1.7892495226905567,6809,8.51125,4.085,0.5397018823716968,0.17220967451564528,0.5552284731637565,0.26391676349424315,0.26391676349424315,0.35729998842190575,1.0
308512670,54.483601024172444,5.777777777777778,1.8676431139009604,18639,23.29875,6.83125,0.6720281166507778,0.3710444020233326,0.6299072438277304,0.8887187070877786,0.8887187070877784,0.6116707189996526,1.0
308512701,26.362214268688835,0.24392935982339956,1.206401766004415,1812,2.265,0.2275,0.0,0.0,0.0,0.0,0.0,0.0,1.0
joinedS_308495714_4152158087,51.52599664537268,1.4432671081677704,1.9391359192683697,15855,19.81875,4.63875,0.6013490524294757,0.08041556689818892,0.6980122347296953,0.7416816309284885,0.7416816309284885,0.4085909459302998,1.0
joinedS_308495840_308495841,68.20776515967485,4.862142099681867,2.256145763038658,20746,25.9325,6.9275,1.0,0.30965105204503424,1.0,1.0,1.0,0.6205858515688317,1.0
