semaforo_id,delay,waiting_time,stops,flujo_vehicular,flujo_por_segundo,queue_length
cluster_1520634082_307862705,18.416990306874972,1.1369112814895947,1.072289156626506,913,1.14125,0.43
cluster_307862891_307862894_307862896_307862898,25.51752441405786,0.3739708676377454,0.9797340088663711,6316,7.895,1.205
cluster_3701043284_4151921021,22.028583132912285,0.36017997750281217,0.9075365579302587,4445,5.55625,0.735
cluster_4152158088_4152159489_9467311858,37.57035974597887,3.2219338092147956,1.5217391304347827,1541,1.92625,1.34625
