semaforo_id,delay,waiting_time,stops,flujo_vehicular,flujo_por_segundo,queue_length
308495742,50.110424317822186,15.233329799639563,1.7016855719283366,9433,11.79125,11.59625
308512653,41.075123248306525,0.7063673039817576,1.7719698298544115,5701,7.12625,1.36875
308512659,26.66674244116193,1.6734107655801174,1.2535281628574997,8007,10.00875,1.96125
308512668,62.9810858736995,3.665434107380565,2.1730513237686733,6761,8.45125,4.8825
308512669,51.779616709085616,5.830760673063551,1.8413294395772493,7191,8.98875,7.15375
308512670,47.474570298130764,3.4323768081853463,1.761966364812419,17006,21.2575,3.48875
308512701,24.708490296789446,0.07882882882882883,1.0574324324324325,1776,2.22,0.0425
joinedS_308495714_4152158087,45.18583768731963,1.3847711880498765,1.8450534843977466,15799,19.74875,5.095
joinedS_308495840_308495841,75.53702188343397,4.578426407623958,2.5963813820726487,21721,27.15125,7.335
