semaforo_id,delay,waiting_time,stops,flujo_vehicular,flujo_por_segundo,queue_length,delay_norm,waiting_time_norm,stops_norm,flujo_vehicular_norm,flujo_por_segundo_norm,queue_length_norm,road_rage
308495742,50.110424317822186,15.233329799639563,1.7016855719283366,9433,11.79125,11.59625,0.4997573848406678,1.0,0.4186319108548215,0.3839057407871647,0.38390574078716466,1.0,1.0
308512653,41.075123248306525,0.7063673039817576,1.7719698298544115,5701,7.12625,1.36875,0.32199696588947896,0.041409379059174446,0.46430220936765154,0.1967911757332665,0.19679117573326646,0.11478957048577303,1.0
308512659,26.66674244116193,1.6734107655801174,1.2535281628574997,8007,10.00875,1.96125,0.038526632252485246,0.10522167241419773,0.12742185533244071,0.31240912509400853,0.3124091250940084,0.1660716217678243,1.0
308512668,62.9810858736995,3.665434107380565,2.1730513237686733,6761,8.45125,4.8825,0.7529746459755369,0.23666930936623648,0.7249226113686592,0.24993732765104035,0.24993732765104032,0.41891160878502653,1.0
308512669,51.779616709085616,5.830760673063551,1.8413294395772493,7191,8.98875,7.15375,0.532597058527051,0.3795527055172313,0.5093716769020054,0.2714966156931562,0.27149661569315614,0.6154928053662231,1.0
308512670,47.474570298130764,3.4323768081853463,1.761966364812419,17006,21.2575,3.48875,0.44789962036446546,0.2212905582186986,0.45780201646370167,0.7635998997242417,0.7635998997242417,0.29827977929243754,1.0
308512701,24.708490296789446,0.07882882882882883,1.0574324324324325,1776,2.22,0.0425,0.0,0.0,0.0,0.0,0.0,0.0,1.0
joinedS_308495714_4152158087,45.18583768731963,1.3847711880498765,1.8450534843977466,15799,19.74875,5.095,0.40287111886408944,0.08617521366994789,0.5117915393811137,0.7030834795688142,0.7030834795688142,0.437303905658336,1.0
joinedS_308495840_308495841,75.53702188343397,4.578426407623958,2.5963813820726487,21721,27.15125,7.335,1.0,0.2969149289350971,1.0,1.0,1.0,0.63118035269934,1.0
