semaforo_id,delay,waiting_time,stops,flujo_vehicular,flujo_por_segundo,queue_length,delay_norm,waiting_time_norm,stops_norm,flujo_vehicular_norm,flujo_por_segundo_norm,queue_length_norm,road_rage
cluster_1520634082_307862705,13.652353859687377,0.38461538461538464,0.6495726495726496,117,0.585,0.135,0.0,0.11798192879764702,0.0,0.0,0.0,0.0,0.5797693680627087
cluster_307862891_307862894_307862896_307862898,20.30929283469309,0.5133836650652025,0.7995881949210707,1457,7.285,1.33,0.5917841057990479,0.17336345376406537,0.2768760004834282,1.0,1.0,1.0,0.8546229144858706
cluster_3701043284_4151921021,16.3288365282796,0.11029411764705882,0.7708333333333334,816,4.08,0.22,0.2379321650185532,0.0,0.2238046267642841,0.5216417910447761,0.5216417910447761,0.0711297071129707,0.6861926768174585
cluster_4152158088_4152159489_9467311858,24.9012855389478,2.4354066985645932,1.1913875598086126,209,1.045,0.625,1.0,1.0,1.0,0.06865671641791045,0.06865671641791044,0.41004184100418406,1.0
