semaforo_id,delay,waiting_time,stops,flujo_vehicular,flujo_por_segundo,queue_length,delay_norm,waiting_time_norm,stops_norm,flujo_vehicular_norm,flujo_por_segundo_norm,queue_length_norm,road_rage
cluster_1520634082_307862705,16.788267912569758,0.7917146144994246,1.1196777905638664,869,1.08625,0.275,0.0,0.1996252937322063,0.4579512602119506,0.0,0.0,0.0,0.7321521204153335
cluster_307862891_307862894_307862896_307862898,25.037615905591625,0.277106466361855,0.9657086871325931,6124,7.655,0.84375,0.6057883945697095,0.0,0.18057745856288104,1.0,1.0,0.6115591397849461,1.0
cluster_3701043284_4151921021,21.145678038241385,0.30269058295964124,0.8654708520179372,4460,5.575,0.6575,0.3199851050950099,0.009924515982103695,0.0,0.683349191246432,0.683349191246432,0.4112903225806451,0.8864997672695658
cluster_4152158088_4152159489_9467311858,30.405808405205583,2.85497692814766,1.4205669083717865,1517,1.89625,1.205,1.0,1.0,1.0,0.12331113225499524,0.12331113225499524,1.0,1.0
