semaforo_id,delay,waiting_time,stops,flujo_vehicular,flujo_por_segundo,queue_length
cluster_1520634082_307862705,16.788267912569758,0.7917146144994246,1.1196777905638664,869,1.08625,0.275
cluster_307862891_307862894_307862896_307862898,25.037615905591625,0.277106466361855,0.9657086871325931,6124,7.655,0.84375
cluster_3701043284_4151921021,21.145678038241385,0.30269058295964124,0.8654708520179372,4460,5.575,0.6575
cluster_4152158088_4152159489_9467311858,30.405808405205583,2.85497692814766,1.4205669083717865,1517,1.89625,1.205
