semaforo_id,delay,waiting_time,stops,flujo_vehicular,flujo_por_segundo,queue_length
cluster_1520634082_307862705,13.652353859687377,0.38461538461538464,0.6495726495726496,117,0.585,0.135
cluster_307862891_307862894_307862896_307862898,20.30929283469309,0.5133836650652025,0.7995881949210707,1457,7.285,1.33
cluster_3701043284_4151921021,16.3288365282796,0.11029411764705882,0.7708333333333334,816,4.08,0.22
cluster_4152158088_4152159489_9467311858,24.9012855389478,2.4354066985645932,1.1913875598086126,209,1.045,0.625
