semaforo_id,delay,waiting_time,stops,flujo_vehicular,flujo_por_segundo,queue_length
308495742,24.819640611755958,6.253641816623822,1.1842330762639246,1167,5.835,4.765
308512653,20.45665736630873,1.0043196544276458,1.2343412526997841,926,4.63,0.87
308512659,22.72778133351706,0.5418427726120034,1.2079459002535926,1183,5.915,0.985
308512668,20.6989052228409,1.3206018518518519,1.2256944444444444,864,4.32,0.93
308512669,29.92818643505273,1.4290909090909092,1.4481818181818182,1100,5.5,2.015
308512670,21.416709793983713,0.5634022629730784,1.0971517752633633,2563,12.815,1.285
308512701,18.21276220940709,3.164435946462715,1.0841300191204588,523,2.615,1.5
joinedS_308495714_4152158087,19.61865050745364,0.7155266015200868,1.1384364820846906,1842,9.21,1.735
joinedS_308495840_308495841,24.668851027691314,0.9801375095492743,1.3705118411000763,2618,13.09,3.665
