semaforo_id,delay,waiting_time,stops,flujo_vehicular,flujo_por_segundo,queue_length
308495742,48.98016370444691,8.660143921222067,1.9414215376846358,7921,9.90125,7.8925
308512653,37.378275876061764,0.2660374060478937,1.8767697954902989,5721,7.15125,0.7775
308512659,24.890071642048373,0.8487033523086654,1.2712207463630614,7905,9.88125,1.6225
308512668,48.66571900120167,1.1220797470577903,2.0546284911294572,5693,7.11625,2.2
308512669,59.214137210161,3.6453467041702337,2.2891035832212303,8177,10.22125,5.7825
308512670,43.24479579661511,3.0576596261228453,1.6849963583394028,16476,20.595,4.12875
308512701,18.22336032757154,0.15264976958525345,1.0599078341013826,1736,2.17,0.11
joinedS_308495714_4152158087,44.84839152622534,1.0556094406724863,1.8712576786291626,15465,19.33125,4.73
joinedS_308495840_308495841,82.89503342042909,6.498619934282585,2.418882803943045,22825,28.53125,7.86625
