semaforo_id,delay,waiting_time,stops,flujo_vehicular,flujo_por_segundo,queue_length,delay_norm,waiting_time_norm,stops_norm,flujo_vehicular_norm,flujo_por_segundo_norm,queue_length_norm,road_rage
308495742,25.803614570830643,7.014084507042254,1.2410015649452268,1278,6.39,4.895,0.8120772053953599,1.0,0.47258602358669183,0.36176329659798756,0.36176329659798745,1.0,1.0
308512653,23.744846692820833,0.5764192139737991,1.2117903930131004,916,4.58,0.67,0.6220363728357216,0.030094326404768418,0.41095491148099766,0.1883085769046478,0.1883085769046478,0.057971014492753645,1.0
308512659,22.270137771714328,1.5380165289256198,1.193388429752066,1210,6.05,1.5,0.48590887922963055,0.17496962653724366,0.37212957905883776,0.3291806420699569,0.32918064206995684,0.24303232998885177,0.9693013786371681
308512668,17.006144877535778,0.37667071688942894,1.017010935601458,823,4.115,0.41,0.0,0.0,0.0,0.14374700527072354,0.1437470052707235,0.0,0.728459646863278
308512669,24.653262944647075,2.5426944971537,1.2580645161290323,1054,5.27,2.385,0.7058904987193305,0.3263355048735629,0.508586244998779,0.25443219932918065,0.25443219932918054,0.4403567447045708,1.0
308512670,23.661454068744565,0.8827586206896552,1.0885057471264368,2610,13.05,2.3,0.614338562957268,0.07624775549643313,0.15084313475370667,1.0,1.0,0.42140468227424754,1.0
308512701,17.10242614190816,2.1376673040152965,1.1778202676864244,523,2.615,1.21,0.008887535033289025,0.26531366625634484,0.3392831344253743,0.0,0.0,0.1783723522853958,0.7739632024640893
joinedS_308495714_4152158087,22.917491982654933,0.8003472222222222,1.2152777777777777,1728,8.64,1.895,0.5456648791760966,0.06383156433027481,0.4183127607958734,0.5773838045040728,0.5773838045040728,0.33110367892976594,0.9813177348617528
joinedS_308495840_308495841,27.839437124683407,1.127447216890595,1.490978886756238,2605,13.025,3.235,1.0,0.11311280624314962,1.0,0.9976042165788213,0.9976042165788213,0.6298773690078038,1.0
