semaforo_id,delay,waiting_time,stops,flujo_vehicular,flujo_por_segundo,queue_length
308495742,25.803614570830643,7.014084507042254,1.2410015649452268,1278,6.39,4.895
308512653,23.744846692820833,0.5764192139737991,1.2117903930131004,916,4.58,0.67
308512659,22.270137771714328,1.5380165289256198,1.193388429752066,1210,6.05,1.5
308512668,17.006144877535778,0.37667071688942894,1.017010935601458,823,4.115,0.41
308512669,24.653262944647075,2.5426944971537,1.2580645161290323,1054,5.27,2.385
308512670,23.661454068744565,0.8827586206896552,1.0885057471264368,2610,13.05,2.3
308512701,17.10242614190816,2.1376673040152965,1.1778202676864244,523,2.615,1.21
joinedS_308495714_4152158087,22.917491982654933,0.8003472222222222,1.2152777777777777,1728,8.64,1.895
joinedS_308495840_308495841,27.839437124683407,1.127447216890595,1.490978886756238,2605,13.025,3.235
