semaforo_id,delay,waiting_time,stops,flujo_vehicular,flujo_por_segundo,queue_length
308495742,43.07929325239881,7.189195765908261,1.744372794743886,8219,10.27375,7.04125
308512653,41.51484180647451,1.3043691703485518,1.8181966944853543,6111,7.63875,2.16
308512659,29.61115979017104,2.236472705458908,1.3086982603479305,8335,10.41875,2.7925
308512668,56.87078289571121,2.5585247694952336,2.2164400687607437,6399,7.99875,3.51
308512669,55.887873841654496,4.186995905199156,2.042685196674525,8059,10.07375,6.28375
308512670,45.06368556996315,2.107706350241231,1.7255183205111488,15338,19.1725,1.16125
308512701,23.8257537503567,0.07123287671232877,1.2372602739726026,1825,2.28125,0.08125
joinedS_308495714_4152158087,45.44243741289909,1.2946823291650877,1.7859037514209928,15834,19.7925,5.5625
joinedS_308495840_308495841,70.03012941540602,5.203077794561934,2.2845543806646527,21184,26.48,6.8275
