semaforo_id,delay,waiting_time,stops,flujo_vehicular,flujo_por_segundo,queue_length,delay_norm,waiting_time_norm,stops_norm,flujo_vehicular_norm,flujo_por_segundo_norm,queue_length_norm,road_rage
308495742,43.07929325239881,7.189195765908261,1.744372794743886,8219,10.27375,7.04125,0.41670381267820467,1.0,0.48421214015328795,0.33028565525078774,0.33028565525078774,1.0,1.0
308512653,41.51484180647451,1.3043691703485518,1.8181966944853543,6111,7.63875,2.16,0.3828444341365374,0.173242866369527,0.5547022720749178,0.22139573325068443,0.22139573325068443,0.2986709770114943,1.0
308512659,29.61115979017104,2.236472705458908,1.3086982603479305,8335,10.41875,2.7925,0.12521337982693773,0.30419375071948035,0.06821196254122884,0.3362777002944367,0.33627770029443665,0.3895474137931035,1.0
308512668,56.87078289571121,2.5585247694952336,2.2164400687607437,6399,7.99875,3.51,0.7151926342411541,0.34943872727381936,0.9349616201708109,0.2362725347383646,0.2362725347383646,0.49263649425287354,1.0
308512669,55.887873841654496,4.186995905199156,2.042685196674525,8059,10.07375,6.28375,0.6939195612927793,0.5782220408501957,0.7690532368657284,0.32202076553540987,0.3220207655354099,0.8911637931034484,1.0
308512670,45.06368556996315,2.107706350241231,1.7255183205111488,15338,19.1725,1.16125,0.4596519596664866,0.2861034126238538,0.4662091034587625,0.6980215920243814,0.6980215920243814,0.15517241379310343,1.0
308512701,23.8257537503567,0.07123287671232877,1.2372602739726026,1825,2.28125,0.08125,0.0,0.0,0.0,0.0,0.0,0.0,1.0
joinedS_308495714_4152158087,45.44243741289909,1.2946823291650877,1.7859037514209928,15834,19.7925,5.5625,0.4678492751259928,0.17188196559858207,0.5238676260494944,0.7236427501420528,0.7236427501420528,0.78753591954023,1.0
joinedS_308495840_308495841,70.03012941540602,5.203077794561934,2.2845543806646527,21184,26.48,6.8275,1.0,0.7209710134396774,1.0,1.0,1.0,0.9692887931034483,1.0
