generacion,max,mean,min
1,0.275539,0.27145874999999997,0.267596
2,0.273408,0.26999962499999997,0.26805
