generacion,max,mean,min
1,0.069294,0.0678694,0.066773
2,0.068437,0.0678363,0.066497
3,0.068941,0.06767669999999999,0.066911
4,0.068684,0.0677328,0.066808
5,0.069195,0.06795500000000002,0.067239
6,0.06922,0.0678876,0.06682
7,0.068937,0.06773690000000002,0.066931
8,0.068047,0.06762459999999999,0.066701
