semaforo_id,delay,waiting_time,stops,flujo_vehicular,flujo_por_segundo,queue_length,delay_norm,waiting_time_norm,stops_norm,flujo_vehicular_norm,flujo_por_segundo_norm,queue_length_norm,road_rage
308495742,24.603902825239064,7.38707102952913,1.2442138866719872,1253,6.265,6.185,0.5791875600670658,1.0,0.42231826865775524,0.3848314606741573,0.3848314606741572,1.0,1.0
308512653,15.18372996776074,0.46503496503496505,1.0396270396270397,858,4.29,0.39,0.18560791682086752,0.05403912033374048,0.12598189489451497,0.1999063670411985,0.1999063670411985,0.03976801988400995,0.6582349795962105
308512659,23.293835992288546,1.5861774744027304,1.0904436860068258,1172,5.86,1.23,0.5244522972919232,0.20725371565097395,0.19958790101125376,0.34691011235955055,0.34691011235955055,0.17895608947804478,1.0
308512668,34.67588188403848,5.353586497890295,1.6430379746835444,1185,5.925,3.745,1.0,0.7221053461128748,1.0,0.3529962546816479,0.3529962546816479,0.595691797845899,1.0
308512669,30.308383878367803,2.470216606498195,1.3763537906137184,1108,5.54,2.01,0.8175236980300494,0.32806591993086215,0.6137179628664089,0.3169475655430712,0.31694756554307113,0.30820215410107704,1.0
308512670,19.89151700266007,0.3747470659651963,0.952650748684743,2471,12.355,1.04,0.3823016685925047,0.041700435641623346,0.0,0.9550561797752809,0.9550561797752809,0.1474730737365369,0.8412616513730966
308512701,10.741278001119502,0.06960556844547564,1.0417633410672853,431,2.155,0.15,0.0,0.0,0.1290762473966994,0.0,0.0,0.0,0.472713765056381
joinedS_308495714_4152158087,20.97838979479646,0.537591859807801,1.1825890333521765,1769,8.845,1.61,0.4277117701113371,0.06395469768203328,0.333056980211034,0.6264044943820225,0.6264044943820225,0.24192212096106055,0.8971909903221016
joinedS_308495840_308495841,22.20032011763964,0.45578496299181925,1.2886638098948189,2567,12.835,2.335,0.4787646443857769,0.052775021160011565,0.48670231510143735,1.0,1.0,0.36205468102734056,0.9486750563612149
