semaforo_id,delay,waiting_time,stops,flujo_vehicular,flujo_por_segundo,queue_length
308495742,48.90626958596373,14.923787779952164,1.7092846270928463,9198,11.4975,11.91
308512653,45.143499459464444,1.987636480411047,1.9630700064226076,6228,7.785,2.68
308512659,27.675739370839846,1.5327588391838805,1.2766442782917247,7891,9.86375,1.9525
308512668,45.80927361633596,1.9079744279946165,1.8107335127860027,5944,7.43,2.755
308512669,52.33153574533937,3.12218347639485,1.9138948497854078,7456,9.32,5.17625
308512670,47.186654631244174,2.864628553959034,1.7234484867013147,16355,20.44375,2.27125
308512701,25.41690284867433,0.12611607142857142,1.1205357142857142,1792,2.24,0.11875
joinedS_308495714_4152158087,43.23483241561869,1.2164273916910178,1.8035192478719348,15742,19.6775,5.25375
joinedS_308495840_308495841,62.90627314441706,4.64502099580084,2.157868426314737,20004,25.005,6.45125
