semaforo_id,delay,waiting_time,stops,flujo_vehicular,flujo_por_segundo,queue_length
308495742,24.603902825239064,7.38707102952913,1.2442138866719872,1253,6.265,6.185
308512653,15.18372996776074,0.46503496503496505,1.0396270396270397,858,4.29,0.39
308512659,23.293835992288546,1.5861774744027304,1.0904436860068258,1172,5.86,1.23
308512668,34.67588188403848,5.353586497890295,1.6430379746835444,1185,5.925,3.745
308512669,30.308383878367803,2.470216606498195,1.3763537906137184,1108,5.54,2.01
308512670,19.89151700266007,0.3747470659651963,0.952650748684743,2471,12.355,1.04
308512701,10.741278001119502,0.06960556844547564,1.0417633410672853,431,2.155,0.15
joinedS_308495714_4152158087,20.97838979479646,0.537591859807801,1.1825890333521765,1769,8.845,1.61
joinedS_308495840_308495841,22.20032011763964,0.45578496299181925,1.2886638098948189,2567,12.835,2.335
