semaforo_id,delay,waiting_time,stops,flujo_vehicular,flujo_por_segundo,queue_length,delay_norm,waiting_time_norm,stops_norm,flujo_vehicular_norm,flujo_por_segundo_norm,queue_length_norm,road_rage
308495742,48.90626958596373,14.923787779952164,1.7092846270928463,9198,11.4975,11.91,0.6265607171309793,1.0,0.5675603458561904,0.40665495277838787,0.40665495277838787,1.0,1.0
308512653,45.143499459464444,1.987636480411047,1.9630700064226076,6228,7.785,2.68,0.5261917299536572,0.12579819620611146,0.8122122076810789,0.24357566439710082,0.2435756643971008,0.21721615604791691,1.0
308512659,27.675739370839846,1.5327588391838805,1.2766442782917247,7891,9.86375,1.9525,0.06025271975352514,0.09505838455282598,0.15049035106649836,0.3348890841203602,0.33488908412036017,0.15551786282200786,1.0
308512668,45.80927361633596,1.9079744279946165,1.8107335127860027,5944,7.43,2.755,0.543950741417958,0.1204147781937667,0.6653581734159927,0.2279815506259609,0.22798155062596087,0.2235768048340931,1.0
308512669,52.33153574533937,3.12218347639485,1.9138948497854078,7456,9.32,5.17625,0.7179270466359754,0.20246883861063875,0.7648068226325218,0.31100373380188884,0.31100373380188884,0.428919749814481,1.0
308512670,47.186654631244174,2.864628553959034,1.7234484867013147,16355,20.44375,2.27125,0.580691316254037,0.18506374086898106,0.581214460340601,0.7996376015813749,0.7996376015813749,0.18255062016325668,1.0
308512701,25.41690284867433,0.12611607142857142,1.1205357142857142,1792,2.24,0.11875,0.0,0.0,0.0,0.0,0.0,0.0,1.0
joinedS_308495714_4152158087,43.23483241561869,1.2164273916910178,1.8035192478719348,15742,19.6775,5.25375,0.47527951060217605,0.0736812751180591,0.6584035436907266,0.7659784757302878,0.7659784757302877,0.43549242022686313,1.0
joinedS_308495840_308495841,62.90627314441706,4.64502099580084,2.157868426314737,20004,25.005,6.45125,1.0,0.3053794551861384,1.0,1.0,1.0,0.5370507791794763,1.0
