semaforo_id,delay,waiting_time,stops,flujo_vehicular,flujo_por_segundo,queue_length
308495742,24.353806125076233,7.629688747007183,1.2450119712689545,1253,6.265,6.275
308512653,15.621748201617986,0.5086107921928817,1.1125143513203215,871,4.355,0.43
308512659,22.53242842340013,1.370796460176991,1.1079646017699114,1130,5.65,1.035
308512668,32.13936619272249,4.7612488521579435,1.5803489439853076,1089,5.445,3.07
308512669,31.286695102484906,3.0223559759243335,1.3826311263972484,1163,5.815,2.235
308512670,22.690404293821604,0.564638783269962,1.055893536121673,2630,13.15,1.43
308512701,10.26410228662292,0.06818181818181818,0.9863636363636363,440,2.2,0.185
joinedS_308495714_4152158087,20.329358717870733,0.6487394957983194,1.1467787114845938,1785,8.925,1.845
joinedS_308495840_308495841,24.84913102032978,0.6683713611329661,1.3705743509047994,2542,12.71,3.215
