semaforo_id,delay,waiting_time,stops,flujo_vehicular,flujo_por_segundo,queue_length,delay_norm,waiting_time_norm,stops_norm,flujo_vehicular_norm,flujo_por_segundo_norm,queue_length_norm,road_rage
308495742,24.353806125076233,7.629688747007183,1.2450119712689545,1253,6.265,6.275,0.6440929763834585,1.0,0.43544567784168114,0.37123287671232874,0.37123287671232874,1.0,1.0
308512653,15.621748201617986,0.5086107921928817,1.1125143513203215,871,4.355,0.43,0.2449180013549995,0.05824619062796807,0.21238019415294143,0.19680365296803654,0.19680365296803656,0.04022988505747126,0.67954271796139
308512659,22.53242842340013,1.370796460176991,1.1079646017699114,1130,5.65,1.035,0.560831000231105,0.1722691857927751,0.20472049366535297,0.3150684931506849,0.31506849315068497,0.13957307060755333,0.9730316502103415
308512668,32.13936619272249,4.7612488521579435,1.5803489439853076,1089,5.445,3.07,1.0,0.6206523485531165,1.0,0.29634703196347034,0.29634703196347034,0.473727422003284,1.0
308512669,31.286695102484906,3.0223559759243335,1.3826311263972484,1163,5.815,2.235,0.9610212204114332,0.39068590236700723,0.6671334878976634,0.33013698630136984,0.3301369863013699,0.33661740558292275,1.0
308512670,22.690404293821604,0.564638783269962,1.055893536121673,2630,13.15,1.43,0.5680526671833115,0.06565582360251378,0.11705659864961268,1.0,1.0,0.20443349753694576,0.9611446888631304
308512701,10.26410228662292,0.06818181818181818,0.9863636363636363,440,2.2,0.185,0.0,0.0,0.0,0.0,0.0,0.0,0.45138227328309866
joinedS_308495714_4152158087,20.329358717870733,0.6487394957983194,1.1467787114845938,1785,8.925,1.845,0.46012045726411904,0.07677803949413127,0.2700657290047502,0.6141552511415526,0.6141552511415526,0.2725779967159277,0.8720202870901795
joinedS_308495840_308495841,24.84913102032978,0.6683713611329661,1.3705743509047994,2542,12.71,3.215,0.6667361269931951,0.07937432956163194,0.6468353839921568,0.9598173515981735,0.9598173515981737,0.4975369458128078,1.0
