semaforo_id,delay,waiting_time,stops,flujo_vehicular,flujo_por_segundo,queue_length,delay_norm,waiting_time_norm,stops_norm,flujo_vehicular_norm,flujo_por_segundo_norm,queue_length_norm,road_rage
308495742,46.71141686072991,10.460596508244423,1.6915615906886519,8248,10.31,8.8325,0.45373431960038985,1.0,0.404589939847354,0.32669848684878644,0.32669848684878644,1.0,1.0
308512653,36.588205859035845,0.46894303363074813,1.8479752916952643,5828,7.285,1.17875,0.2694823676478605,0.04129283816033708,0.5083376671289168,0.20381842185437188,0.2038184218543719,0.12852263023057217,1.0
308512659,28.432597537242074,1.8561676646706586,1.331497005988024,8350,10.4375,2.615,0.12104263321978938,0.17439815373572218,0.16576250915002214,0.3318777292576419,0.3318777292576419,0.29205807002561923,1.0
308512668,56.06814874558829,2.3764409221902016,1.9713616714697406,5552,6.94,3.0075,0.6240356314463174,0.22431878993121662,0.5901786848704542,0.18980400121864527,0.1898040012186453,0.33674921719328216,1.0
308512669,52.84858725061222,2.0702932310221978,1.93272129350507,7298,9.1225,4.3375,0.5654365871528344,0.1949436735053749,0.5645488879323607,0.2784604448055245,0.27846044480552457,0.488186734984344,1.0
308512670,48.23689107612085,2.8666552550496407,1.8300810224808854,17526,21.9075,6.70375,0.48149938364894096,0.27135524820540313,0.49646856774434456,0.7978064385091906,0.7978064385091906,0.7576145744378026,1.0
308512701,21.782246736072338,0.03858875413450937,1.0815876515986769,1814,2.2675,0.05,0.0,0.0,0.0,0.0,0.0,0.0,0.9153251505895309
joinedS_308495714_4152158087,43.08383988947572,1.1838987278623099,1.8282614118233973,16036,20.045,5.17375,0.3877090102692124,0.10989341024776614,0.49526163721948135,0.7221488778308114,0.7221488778308116,0.5834044975804157,1.0
joinedS_308495840_308495841,76.72446522775056,4.093314115677887,2.5892226148409896,21508,26.885,7.425,1.0,0.38905414937389576,1.0,1.0,1.0,0.8397381155707374,1.0
