semaforo_id,delay,waiting_time,stops,flujo_vehicular,flujo_por_segundo,queue_length
308495742,46.71141686072991,10.460596508244423,1.6915615906886519,8248,10.31,8.8325
308512653,36.588205859035845,0.46894303363074813,1.8479752916952643,5828,7.285,1.17875
308512659,28.432597537242074,1.8561676646706586,1.331497005988024,8350,10.4375,2.615
308512668,56.06814874558829,2.3764409221902016,1.9713616714697406,5552,6.94,3.0075
308512669,52.84858725061222,2.0702932310221978,1.93272129350507,7298,9.1225,4.3375
308512670,48.23689107612085,2.8666552550496407,1.8300810224808854,17526,21.9075,6.70375
308512701,21.782246736072338,0.03858875413450937,1.0815876515986769,1814,2.2675,0.05
joinedS_308495714_4152158087,43.08383988947572,1.1838987278623099,1.8282614118233973,16036,20.045,5.17375
joinedS_308495840_308495841,76.72446522775056,4.093314115677887,2.5892226148409896,21508,26.885,7.425
