semaforo_id,delay,waiting_time,stops,flujo_vehicular,flujo_por_segundo,queue_length
cluster_1520634082_307862705,16.167015363896343,0.4126436781609195,1.096551724137931,870,1.0875,0.22125
cluster_307862891_307862894_307862896_307862898,26.230563115298878,0.46056269312083264,1.001626280696048,6149,7.68625,1.24375
cluster_3701043284_4151921021,22.312037632647584,0.2625421822272216,0.9363329583802025,4445,5.55625,0.61
cluster_4152158088_4152159489_9467311858,35.82913919343128,3.1986301369863015,1.62640099626401,1606,2.0075,1.42375
