semaforo_id,delay,waiting_time,stops,flujo_vehicular,flujo_por_segundo,queue_length,delay_norm,waiting_time_norm,stops_norm,flujo_vehicular_norm,flujo_por_segundo_norm,queue_length_norm,road_rage
cluster_1520634082_307862705,16.167015363896343,0.4126436781609195,1.096551724137931,870,1.0875,0.22125,0.0,0.05112295620790232,0.23217821571487693,0.0,0.0,0.0,0.6987955570845894
cluster_307862891_307862894_307862896_307862898,26.230563115298878,0.46056269312083264,1.001626280696048,6149,7.68625,1.24375,0.5118240449836778,0.06744365766449241,0.09461867342251779,1.0,1.0,0.8503118503118502,1.0
cluster_3701043284_4151921021,22.312037632647584,0.2625421822272216,0.9363329583802025,4445,5.55625,0.61,0.31253095148961774,0.0,0.0,0.6772115931047546,0.6772115931047546,0.3232848232848232,0.935185667285656
cluster_4152158088_4152159489_9467311858,35.82913919343128,3.1986301369863015,1.62640099626401,1606,2.0075,1.42375,1.0,1.0,1.0,0.13942034476226559,0.13942034476226556,1.0,1.0
