semaforo_id,delay,waiting_time,stops,flujo_vehicular,flujo_por_segundo,queue_length,delay_norm,waiting_time_norm,stops_norm,flujo_vehicular_norm,flujo_por_segundo_norm,queue_length_norm,road_rage
cluster_1520634082_307862705,17.470148297518232,0.7114485981308412,1.0327102803738317,856,1.07,0.28,0.0,0.13336181712428805,0.15638484711773346,0.0,0.0,0.0,0.7543433150782995
cluster_307862891_307862894_307862896_307862898,26.201564022451183,0.45103296010093047,1.0044157073016875,6341,7.92625,1.3125,0.5457936435987868,0.028238921124696507,0.0982050444146166,1.0,1.0,1.0,1.0
cluster_3701043284_4151921021,23.206657590224854,0.38107810781078105,0.9566556655665567,4545,5.68125,0.865,0.35858449615038673,0.0,0.0,0.6725615314494074,0.6725615314494076,0.5665859564164649,0.9741540923878721
cluster_4152158088_4152159489_9467311858,33.46779837523042,2.858327574291638,1.4429854872149275,1447,1.80875,1.09875,1.0,1.0,1.0,0.10774840474020055,0.10774840474020056,0.7929782082324454,1.0
