semaforo_id,delay,waiting_time,stops,flujo_vehicular,flujo_por_segundo,queue_length
cluster_1520634082_307862705,14.165353383828897,0.39823008849557523,0.6194690265486725,113,0.565,0.135
cluster_307862891_307862894_307862896_307862898,20.093751138024803,0.5303448275862069,0.7703448275862069,1450,7.25,1.38
cluster_3701043284_4151921021,16.433459788219704,0.20702179176755447,0.6912832929782082,826,4.13,0.33
cluster_4152158088_4152159489_9467311858,27.758762036853604,2.3923444976076556,1.186602870813397,209,1.045,0.615
