semaforo_id,delay,waiting_time,stops,flujo_vehicular,flujo_por_segundo,queue_length
308495742,46.050959141280565,15.225635478637102,1.6502974580854517,9245,11.55625,11.52625
308512653,39.36479599644225,0.6137968495382944,1.7342024262176354,5523,6.90375,0.75375
308512659,23.973782072666957,0.8986181238373638,1.2365134201435026,7526,9.4075,1.305
308512668,39.539151909379264,0.8166634670762143,1.6644269533499711,5209,6.51125,1.31875
308512669,46.93249852944395,4.388498312710911,1.7512654668166479,7112,8.89,5.98875
308512670,39.58758159681496,3.534586090648021,1.5581845423898115,16018,20.0225,2.04125
308512701,23.740346424955174,0.02704291593180482,1.0693709582598472,1701,2.12625,0.0525
joinedS_308495714_4152158087,47.259140733922266,1.4289478758274954,1.7909248666366733,15559,19.44875,5.14125
joinedS_308495840_308495841,81.38725145308696,7.241417253521127,2.4733714788732395,22720,28.4,8.2075
