semaforo_id,delay,waiting_time,stops,flujo_vehicular,flujo_por_segundo,queue_length,delay_norm,waiting_time_norm,stops_norm,flujo_vehicular_norm,flujo_por_segundo_norm,queue_length_norm,road_rage
308495742,46.050959141280565,15.225635478637102,1.6502974580854517,9245,11.55625,11.52625,0.38702186536185723,1.0,0.4137651598389751,0.35891336409914837,0.35891336409914837,1.0,1.0
308512653,39.36479599644225,0.6137968495382944,1.7342024262176354,5523,6.90375,0.75375,0.27103709321189606,0.03860580716179481,0.47352651099255344,0.181835482182787,0.181835482182787,0.06111776882013292,1.0
308512659,23.973782072666957,0.8986181238373638,1.2365134201435026,7526,9.4075,1.305,0.004049404692201011,0.05734578411189553,0.11904729338037051,0.27713021551929207,0.27713021551929207,0.10916221810654755,1.0
308512668,39.539151909379264,0.8166634670762143,1.6644269533499711,5209,6.51125,1.31875,0.27406164262789556,0.051953531084319014,0.4238288991731645,0.16689661734621059,0.16689661734621056,0.11036060573047175,1.0
308512669,46.93249852944395,4.388498312710911,1.7512654668166479,7112,8.89,5.98875,0.4023139159538741,0.28696442639572817,0.4856796693058835,0.25743375041629,0.25743375041629,0.5173766205469005,1.0
308512670,39.58758159681496,3.534586090648021,1.5581845423898115,16018,20.0225,2.04125,0.27490175169206926,0.23078078843452368,0.34815769435499005,0.6811456301441553,0.6811456301441554,0.17333042815121472,1.0
308512701,23.740346424955174,0.02704291593180482,1.0693709582598472,1701,2.12625,0.0525,0.0,0.0,0.0,0.0,0.0,0.0,0.9929295536472369
joinedS_308495714_4152158087,47.259140733922266,1.4289478758274954,1.7909248666366733,15559,19.44875,5.14125,0.40798017339334836,0.09223913030840247,0.513927094600782,0.6593082449212617,0.6593082449212618,0.44351236518139237,1.0
joinedS_308495840_308495841,81.38725145308696,7.241417253521127,2.4733714788732395,22720,28.4,8.2075,1.0,0.47467384284595815,1.0,1.0,1.0,0.7107528053164833,1.0
