semaforo_id,delay,waiting_time,stops,flujo_vehicular,flujo_por_segundo,queue_length
308495742,22.45051328610776,3.342883548983364,1.0462107208872458,1082,5.41,2.445
308512653,23.44998945895699,0.15859030837004406,1.3436123348017621,908,4.54,0.37
308512659,27.942824822177265,3.3704563031709203,1.2861562258313999,1293,6.465,2.25
308512668,26.983768809970314,2.678183613030602,1.313919052319842,1013,5.065,2.0
308512669,27.733391450756706,0.8359840954274353,1.3548707753479126,1006,5.03,1.33
308512670,20.489184620120504,0.3685964181591004,1.0037484381507704,2401,12.005,0.955
308512701,21.215779039784668,4.8674911660777385,1.088339222614841,566,2.83,1.925
joinedS_308495714_4152158087,22.774564057966384,0.840021990104453,1.211105002748763,1819,9.095,2.015
joinedS_308495840_308495841,23.94790265285112,0.8187739463601532,1.2593869731800766,2610,13.05,2.84
