semaforo_id,delay,waiting_time,stops,flujo_vehicular,flujo_por_segundo,queue_length,delay_norm,waiting_time_norm,stops_norm,flujo_vehicular_norm,flujo_por_segundo_norm,queue_length_norm,road_rage
cluster_1520634082_307862705,16.695401121939963,0.9285714285714286,1.0092165898617511,868,1.085,0.3275,0.0,0.25817225654682485,0.296049279696466,0.0,0.0,0.0,0.7267561370434972
cluster_307862891_307862894_307862896_307862898,25.987785498790423,0.4221169036334913,1.0118483412322274,6330,7.9125,1.255,0.6146579282314236,0.06290928032547831,0.30018933727349434,1.0,1.0,1.0,1.0
cluster_3701043284_4151921021,21.98838609288884,0.258948799275034,0.8210240144993204,4414,5.5175,0.5975,0.35011198896468715,0.0,0.0,0.6492127425851336,0.6492127425851337,0.2911051212938006,0.9175553802810271
cluster_4152158088_4152159489_9467311858,31.81337804869621,2.852653631284916,1.4567039106145252,1432,1.79,1.105,1.0,1.0,1.0,0.10325887953130722,0.10325887953130723,0.8382749326145553,1.0
