semaforo_id,delay,waiting_time,stops,flujo_vehicular,flujo_por_segundo,queue_length
cluster_1520634082_307862705,16.695401121939963,0.9285714285714286,1.0092165898617511,868,1.085,0.3275
cluster_307862891_307862894_307862896_307862898,25.987785498790423,0.4221169036334913,1.0118483412322274,6330,7.9125,1.255
cluster_3701043284_4151921021,21.98838609288884,0.258948799275034,0.8210240144993204,4414,5.5175,0.5975
cluster_4152158088_4152159489_9467311858,31.81337804869621,2.852653631284916,1.4567039106145252,1432,1.79,1.105
