semaforo_id,delay,waiting_time,stops,flujo_vehicular,flujo_por_segundo,queue_length
308495742,22.38418434257259,4.789147286821706,1.136434108527132,1290,6.45,4.24
308512653,19.411852496172937,0.17925591882750846,1.1758737316798196,887,4.435,0.44
308512659,23.085365044153665,1.7610114192495923,1.2022838499184338,1226,6.13,1.47
308512668,31.161527334083228,2.1677852348993287,1.5426653883029722,1043,5.215,1.52
308512669,28.20872846381899,1.5721153846153846,1.314423076923077,1040,5.2,1.295
308512670,19.70946516222567,0.41181262729124235,0.9287169042769857,2455,12.275,0.915
308512701,10.278663572320763,0.854066985645933,0.9354066985645934,418,2.09,0.27
joinedS_308495714_4152158087,23.174955869837518,0.5689939527212754,1.2182517866959868,1819,9.095,1.745
joinedS_308495840_308495841,22.700998534211884,0.7784785179345683,1.3054789121009065,2537,12.685,2.85
