semaforo_id,delay,waiting_time,stops,flujo_vehicular,flujo_por_segundo,queue_length
308495742,49.838155353585755,16.13888888888889,1.6649728997289972,8856,11.07,9.4425
308512653,40.89610596733063,0.39356868227892344,1.899161132471164,5722,7.1525,0.81125
308512659,25.67983509000923,0.6790509711901969,1.2796245600312868,7671,9.58875,1.20625
308512668,59.01854207744292,4.386246338401451,2.1553912679592693,7169,8.96125,5.16375
308512669,50.1949821266423,2.0477292450101245,1.9710731848423488,6914,8.6425,4.27375
308512670,44.0248283056774,3.068349421428143,1.6996222795131604,16679,20.84875,2.585
308512701,23.19128353767512,0.0709823963657013,1.1476433844406586,1761,2.20125,0.07
joinedS_308495714_4152158087,49.74254348069654,1.5709522045201927,1.9811658639002099,16194,20.2425,5.67125
joinedS_308495840_308495841,75.0795896565826,5.983083775587566,2.3930534495830176,21104,26.38,6.67125
