semaforo_id,delay,waiting_time,stops,flujo_vehicular,flujo_por_segundo,queue_length,delay_norm,waiting_time_norm,stops_norm,flujo_vehicular_norm,flujo_por_segundo_norm,queue_length_norm,road_rage
308495742,23.95301459887188,8.02065131056394,1.2684670373312152,1259,6.295,5.865,0.5243102527496383,1.0,0.48239415854474954,0.39111747851002865,0.39111747851002865,1.0,1.0
308512653,25.792286849218467,2.2883172561629155,1.3419078242229368,933,4.665,2.215,0.5913752734969141,0.28184373337868723,0.5751109637492713,0.23543457497612225,0.23543457497612227,0.36521739130434777,1.0
308512659,22.83429968384593,2.500427715996578,1.052181351582549,1169,5.845,1.69,0.4835187717862494,0.30841728169248833,0.20933992474887017,0.34813753581661894,0.3481375358166189,0.27391304347826084,1.0
308512668,20.064207895500004,0.9037800687285223,1.1935853379152348,873,4.365,0.925,0.38251346209255366,0.10838663054936629,0.38785824421187054,0.20678127984718242,0.20678127984718245,0.1408695652173913,0.86838733071118
308512669,36.998905618409246,4.461538461538462,1.6784615384615384,1300,6.5,3.735,1.0,0.5541084710201594,1.0,0.41069723018147086,0.4106972301814709,0.6295652173913043,1.0
308512670,17.96817496970803,0.2068527918781726,0.9276649746192893,2364,11.82,0.565,0.3060862275552397,0.021074431626635647,0.05214170893050564,0.9188156638013372,0.9188156638013374,0.07826086956521738,0.7599706536106562
308512701,9.573696025503848,0.038636363636363635,0.8863636363636364,440,2.2,0.115,0.0,0.0,0.0,0.0,0.0,0.0,0.41917511374742666
joinedS_308495714_4152158087,19.241228755956293,0.6135346756152126,1.0782997762863535,1788,8.94,1.84,0.35250533629297515,0.07202420889980139,0.24231365771120825,0.6437440305635148,0.6437440305635148,0.3,0.8250518348020102
joinedS_308495840_308495841,24.07506566626333,0.5378847671665351,1.271507498026835,2534,12.67,2.25,0.5287605767108096,0.0625466635742572,0.48623264957921264,1.0,1.0,0.3713043478260869,1.0
