semaforo_id,delay,waiting_time,stops,flujo_vehicular,flujo_por_segundo,queue_length
cluster_1520634082_307862705,16.299756973619143,0.6946745562130178,0.8662721893491124,845,1.05625,0.2425
cluster_307862891_307862894_307862896_307862898,25.01190887124091,0.4023555626293172,0.9960210090720993,6283,7.85375,1.19375
cluster_3701043284_4151921021,22.5653675439596,0.26134585289514867,0.91638721216186,4473,5.59125,0.585
cluster_4152158088_4152159489_9467311858,36.885743941669055,2.94727047146402,1.531017369727047,1612,2.015,1.39125
