semaforo_id,delay,waiting_time,stops,flujo_vehicular,flujo_por_segundo,queue_length
cluster_1520634082_307862705,17.001502012964202,0.41927710843373495,1.0409638554216867,830,1.0375,0.1825
cluster_307862891_307862894_307862896_307862898,24.62493299925626,0.3684971098265896,1.0088310854206808,6228,7.785,1.13375
cluster_3701043284_4151921021,21.292888278981206,0.277002700270027,0.8946894689468947,4444,5.555,0.61625
cluster_4152158088_4152159489_9467311858,34.25304634202805,3.377880184331797,1.5055957867017775,1519,1.89875,1.29
