semaforo_id,delay,waiting_time,stops,flujo_vehicular,flujo_por_segundo,queue_length,delay_norm,waiting_time_norm,stops_norm,flujo_vehicular_norm,flujo_por_segundo_norm,queue_length_norm,road_rage
cluster_1520634082_307862705,17.001502012964202,0.41927710843373495,1.0409638554216867,830,1.0375,0.1825,0.0,0.04588198304995458,0.23943832666906945,0.0,0.0,0.0,0.7300841769041103
cluster_307862891_307862894_307862896_307862898,24.62493299925626,0.3684971098265896,1.0088310854206808,6228,7.785,1.13375,0.44189846664618815,0.02950597372093403,0.18683980367605843,1.0,1.0,0.8589164785553048,1.0
cluster_3701043284_4151921021,21.292888278981206,0.277002700270027,0.8946894689468947,4444,5.555,0.61625,0.2487537454132302,0.0,0.0,0.6695072248981104,0.6695072248981103,0.39164785553047404,0.8930431639225246
cluster_4152158088_4152159489_9467311858,34.25304634202805,3.377880184331797,1.5055957867017775,1519,1.89875,1.29,1.0,1.0,1.0,0.12763986661726565,0.12763986661726562,1.0,1.0
