semaforo_id,delay,waiting_time,stops,flujo_vehicular,flujo_por_segundo,queue_length,delay_norm,waiting_time_norm,stops_norm,flujo_vehicular_norm,flujo_por_segundo_norm,queue_length_norm,road_rage
308495742,48.74782794760374,16.51849836779108,1.664961915125136,9190,11.4875,11.1675,0.4733624512852024,1.0,0.35167687165685807,0.3719257657295177,0.3719257657295177,1.0,1.0
308512653,37.613787509611804,0.6430560389836408,1.8311869126348765,5746,7.1825,1.50375,0.26952384799397355,0.029734231336537235,0.4795471380644965,0.198712467937434,0.198712467937434,0.123568756376828,1.0
308512659,22.89189786694851,0.895241850683491,1.2553890641430074,7608,9.51,1.2375,0.0,0.04514717261824043,0.03660879914657357,0.2923603078006337,0.29236030780063366,0.09942183425915428,0.9837963142573305
308512668,47.164171283328095,2.1260024950989127,1.8588486900730707,5611,7.01375,2.635,0.4443693499634855,0.12036806397744033,0.5008262411074875,0.19192274807624604,0.191922748076246,0.22616483391905676,1.0
308512669,48.54623350908527,1.6489540387845472,1.8558558558558558,6549,8.18625,3.52875,0.46967172202948076,0.09121210236270991,0.4985239730106163,0.2390987275562038,0.23909872755620373,0.30722140346899446,1.0
308512670,46.17182078021416,2.9241348713398403,1.819321206743567,18032,22.54,5.96,0.42620170079276143,0.16914784015560572,0.47041932337857634,0.8166272695267314,0.8166272695267314,0.5277179458111324,1.0
308512701,26.53911492243005,0.1565459610027855,1.2077994428969359,1795,2.24375,0.14125,0.06677213313798486,0.0,0.0,0.0,0.0,0.0,1.0
joinedS_308495714_4152158087,45.297579100595435,1.0152808988764046,1.9275762439807385,15575,19.46875,4.33875,0.4101963517997413,0.05248364721543528,0.5536956094899645,0.6930543680531107,0.6930543680531107,0.38068246230586095,1.0
joinedS_308495840_308495841,77.51374210164668,6.231109880985331,2.5077497924162744,21678,27.0975,7.0075,1.0,0.3712615566258653,1.0,1.0,1.0,0.6227185126402902,1.0
