semaforo_id,delay,waiting_time,stops,flujo_vehicular,flujo_por_segundo,queue_length
308495742,48.74782794760374,16.51849836779108,1.664961915125136,9190,11.4875,11.1675
308512653,37.613787509611804,0.6430560389836408,1.8311869126348765,5746,7.1825,1.50375
308512659,22.89189786694851,0.895241850683491,1.2553890641430074,7608,9.51,1.2375
308512668,47.164171283328095,2.1260024950989127,1.8588486900730707,5611,7.01375,2.635
308512669,48.54623350908527,1.6489540387845472,1.8558558558558558,6549,8.18625,3.52875
308512670,46.17182078021416,2.9241348713398403,1.819321206743567,18032,22.54,5.96
308512701,26.53911492243005,0.1565459610027855,1.2077994428969359,1795,2.24375,0.14125
joinedS_308495714_4152158087,45.297579100595435,1.0152808988764046,1.9275762439807385,15575,19.46875,4.33875
joinedS_308495840_308495841,77.51374210164668,6.231109880985331,2.5077497924162744,21678,27.0975,7.0075
