semaforo_id,delay,waiting_time,stops,flujo_vehicular,flujo_por_segundo,queue_length,delay_norm,waiting_time_norm,stops_norm,flujo_vehicular_norm,flujo_por_segundo_norm,queue_length_norm,road_rage
308495742,50.36931228315854,11.867753415222133,1.8350361611755253,8711,10.88875,9.94125,0.39359917945167944,1.0,0.5132232001611569,0.32742390213599654,0.32742390213599654,1.0,1.0
308512653,44.78344941247326,1.743937924345296,1.8758486905916585,6186,7.7325,2.7725,0.30044234462794916,0.11188539549263656,0.5452625849810753,0.20676637836288048,0.20676637836288045,0.25654653876069483,1.0
308512659,26.768348955116483,1.0131879279736242,1.2803702764392595,7886,9.8575,1.73,0.0,0.04778014341586499,0.07778942573499308,0.2880011468437903,0.2880011468437903,0.14843142338605134,1.0
308512668,48.63071947942771,0.7227461335345152,1.8698604300264052,5302,6.6275,1.5125,0.3646042315998698,0.022301054071225304,0.5405615731252345,0.16452429875280739,0.1645242987528074,0.1258750324086077,1.0
308512669,57.83596651573057,5.891301926717897,2.1048000890967815,8979,11.22375,8.0075,0.5181224431143059,0.4757140867636783,0.7249981237165013,0.34023032446122237,0.34023032446122237,0.7994555353901996,1.0
308512670,46.05032797959302,2.4189664752731987,1.6595048465765265,16197,20.24625,4.57,0.32157039595163317,0.17110246785816516,0.3754244550983148,0.6851435943995795,0.6851435943995794,0.4429608504018668,1.0
308512701,26.918260240502136,0.46853146853146854,1.181280258203335,1859,2.32375,0.29875,0.002500108071784982,0.0,0.0,0.0,0.0,0.0,1.0
joinedS_308495714_4152158087,47.18351958542344,1.2268684957426679,1.8602333648691265,15855,19.81875,5.13,0.3404689163220466,0.06652533223386829,0.5330039615370011,0.6688010703875377,0.6688010703875377,0.5010370754472387,1.0
joinedS_308495840_308495841,86.73027103259747,9.561967875010971,2.455104011234969,22786,28.4825,7.9475,1.0,0.797724305132899,1.0,1.0,1.0,0.7932330827067668,1.0
