semaforo_id,delay,waiting_time,stops,flujo_vehicular,flujo_por_segundo,queue_length
308495742,50.36931228315854,11.867753415222133,1.8350361611755253,8711,10.88875,9.94125
308512653,44.78344941247326,1.743937924345296,1.8758486905916585,6186,7.7325,2.7725
308512659,26.768348955116483,1.0131879279736242,1.2803702764392595,7886,9.8575,1.73
308512668,48.63071947942771,0.7227461335345152,1.8698604300264052,5302,6.6275,1.5125
308512669,57.83596651573057,5.891301926717897,2.1048000890967815,8979,11.22375,8.0075
308512670,46.05032797959302,2.4189664752731987,1.6595048465765265,16197,20.24625,4.57
308512701,26.918260240502136,0.46853146853146854,1.181280258203335,1859,2.32375,0.29875
joinedS_308495714_4152158087,47.18351958542344,1.2268684957426679,1.8602333648691265,15855,19.81875,5.13
joinedS_308495840_308495841,86.73027103259747,9.561967875010971,2.455104011234969,22786,28.4825,7.9475
