semaforo_id,delay,waiting_time,stops,flujo_vehicular,flujo_por_segundo,queue_length,delay_norm,waiting_time_norm,stops_norm,flujo_vehicular_norm,flujo_por_segundo_norm,queue_length_norm,road_rage
308495742,60.93121743136974,17.754068907207778,2.0047558655675335,9462,11.8275,11.6625,0.5809163039640364,1.0,0.5861495553115561,0.37664146438519697,0.37664146438519697,1.0,1.0
308512653,36.141047282580146,0.34236011477761835,1.656025824964132,5576,6.97,0.5825,0.1739066350696893,0.0,0.346339637092247,0.1833465976920016,0.1833465976920016,0.025612839397603608,1.0
308512659,26.940951162108842,1.914332370305238,1.2836327094586106,7961,9.95125,2.38875,0.022857729260867213,0.09028248027046282,0.09025741824957897,0.30197970553123754,0.3019797055312376,0.18445641420248435,1.0
308512668,56.84962540266437,0.9677305589843062,2.120613648386528,5671,7.08875,1.65625,0.5139039595470986,0.035916661119359594,0.6658210552913676,0.18807202546756865,0.18807202546756865,0.12003957348576454,1.0
308512669,58.701785229237096,5.712244423791821,2.096421933085502,8608,10.76,7.7675,0.5443130674002604,0.3084065081164688,0.6491852264482723,0.3341623557500995,0.3341623557500995,0.6574694954380566,1.0
308512670,50.20959766548464,3.6313301053830815,1.7998291085160922,17555,21.94375,5.6675,0.40488673721509455,0.18889415334325843,0.4452283178855453,0.7791981695185037,0.7791981695185038,0.47279322853688033,1.0
308512701,25.54873117104284,0.5227513227513227,1.1523809523809523,1890,2.3625,0.29125,0.0,0.01036033913294774,0.0,0.0,0.0,0.0,1.0
joinedS_308495714_4152158087,49.40587257351488,1.417288597572847,1.8835096372249984,15409,19.26125,4.65875,0.3916910277221259,0.061735955707148064,0.5027726026036299,0.6724532431356944,0.6724532431356944,0.3840826646147082,1.0
joinedS_308495840_308495841,86.4567931739254,7.127716649995453,2.6065745203237247,21994,27.4925,7.36,1.0,0.38970078216377063,1.0,1.0,1.0,0.6216335055512807,1.0
