semaforo_id,delay,waiting_time,stops,flujo_vehicular,flujo_por_segundo,queue_length
308495742,60.93121743136974,17.754068907207778,2.0047558655675335,9462,11.8275,11.6625
308512653,36.141047282580146,0.34236011477761835,1.656025824964132,5576,6.97,0.5825
308512659,26.940951162108842,1.914332370305238,1.2836327094586106,7961,9.95125,2.38875
308512668,56.84962540266437,0.9677305589843062,2.120613648386528,5671,7.08875,1.65625
308512669,58.701785229237096,5.712244423791821,2.096421933085502,8608,10.76,7.7675
308512670,50.20959766548464,3.6313301053830815,1.7998291085160922,17555,21.94375,5.6675
308512701,25.54873117104284,0.5227513227513227,1.1523809523809523,1890,2.3625,0.29125
joinedS_308495714_4152158087,49.40587257351488,1.417288597572847,1.8835096372249984,15409,19.26125,4.65875
joinedS_308495840_308495841,86.4567931739254,7.127716649995453,2.6065745203237247,21994,27.4925,7.36
