semaforo_id,delay,waiting_time,stops,flujo_vehicular,flujo_por_segundo,queue_length
308495742,51.449306135903456,15.04370327774583,1.7169637722829212,8695,10.86875,8.93125
308512653,42.62736782300411,1.2797180390900353,1.8458827298942646,6242,7.8025,2.20875
308512659,29.300158712019524,2.6114611097649623,1.3466198206929973,8254,10.3175,3.0
308512668,48.08651238441587,1.6346558988764044,1.8846558988764044,5696,7.12,2.27125
308512669,55.019865406486275,6.102949615517043,1.9610926202226557,8713,10.89125,8.14
308512670,48.506971338640334,5.498783158919445,1.6892796300803115,16436,20.545,1.73375
308512701,16.957092217294086,0.09344729344729345,1.0769230769230769,1755,2.19375,0.07625
joinedS_308495714_4152158087,50.7776539577009,1.6621265377855887,1.8417022344966105,15932,19.915,5.31375
joinedS_308495840_308495841,67.27311471515415,4.595867562857854,2.1541448842419717,20085,25.10625,6.50875
