semaforo_id,delay,waiting_time,stops,flujo_vehicular,flujo_por_segundo,queue_length,delay_norm,waiting_time_norm,stops_norm,flujo_vehicular_norm,flujo_por_segundo_norm,queue_length_norm,road_rage
308495742,44.54061266780708,9.645669291338583,1.7190459888166154,8763,10.95375,9.2375,0.41713240142929536,1.0,0.3748186320599015,0.35338153104650566,0.3533815310465056,1.0,1.0
308512653,46.400060714386385,2.204683020070086,1.9934692577253903,6278,7.8475,2.8475,0.4535755429234978,0.22629494495117092,0.5735609004462012,0.22596523611752037,0.22596523611752037,0.30467899891186073,1.0
308512659,29.99878420130754,2.1410564225690276,1.3758703481392558,8330,10.4125,2.8,0.13212851903313197,0.21967912571330878,0.12628465914154566,0.33117981848946315,0.33117981848946315,0.29951033732317733,1.0
308512668,49.762278061109335,3.6307295029051,1.946578437701743,6196,7.745,4.2525,0.5194713138358907,0.3745735913940923,0.5396017249905247,0.2217607547556786,0.2217607547556786,0.45756256800870504,1.0
308512669,50.76150271386228,2.7846176341570406,1.8814154116098845,6839,8.54875,4.315,0.5390550206631725,0.2865958682641737,0.49240948917207916,0.254730041532072,0.25473004153207196,0.4643634385201305,1.0
308512670,50.02210558619356,3.225414108652844,1.8793582763813275,17266,21.5825,3.77,0.5245636482402599,0.33242937045486726,0.49091967483043636,0.7893657386043172,0.7893657386043172,0.4050598476605005,1.0
308512701,23.257155830639807,0.028327097808658473,1.2014965259219668,1871,2.33875,0.0475,0.0,0.0,0.0,0.0,0.0,0.0,0.9789126362186441
joinedS_308495714_4152158087,47.74786111719613,1.7474765681326605,2.007630377313146,16644,20.805,6.14625,0.4799909519885145,0.17875515248698973,0.5838166380188623,0.757473209249859,0.757473209249859,0.6636289445048965,1.0
joinedS_308495840_308495841,74.28042030072163,4.750959109198091,2.582296247777674,21374,26.7175,7.18875,1.0,0.49105375646990995,1.0,1.0,1.0,0.7770674646354732,1.0
