semaforo_id,delay,waiting_time,stops,flujo_vehicular,flujo_por_segundo,queue_length
308495742,44.54061266780708,9.645669291338583,1.7190459888166154,8763,10.95375,9.2375
308512653,46.400060714386385,2.204683020070086,1.9934692577253903,6278,7.8475,2.8475
308512659,29.99878420130754,2.1410564225690276,1.3758703481392558,8330,10.4125,2.8
308512668,49.762278061109335,3.6307295029051,1.946578437701743,6196,7.745,4.2525
308512669,50.76150271386228,2.7846176341570406,1.8814154116098845,6839,8.54875,4.315
308512670,50.02210558619356,3.225414108652844,1.8793582763813275,17266,21.5825,3.77
308512701,23.257155830639807,0.028327097808658473,1.2014965259219668,1871,2.33875,0.0475
joinedS_308495714_4152158087,47.74786111719613,1.7474765681326605,2.007630377313146,16644,20.805,6.14625
joinedS_308495840_308495841,74.28042030072163,4.750959109198091,2.582296247777674,21374,26.7175,7.18875
