semaforo_id,delay,waiting_time,stops,flujo_vehicular,flujo_por_segundo,queue_length,delay_norm,waiting_time_norm,stops_norm,flujo_vehicular_norm,flujo_por_segundo_norm,queue_length_norm,road_rage
308495742,23.953920987178552,8.442559753276793,1.276792598303778,1297,6.485,7.095,0.5754928054998039,1.0,0.5406786761174953,0.3758710801393728,0.3758710801393728,1.0,1.0
308512653,17.560653165044727,0.32690124858115777,1.1362088535754824,881,4.405,0.465,0.3193015808547192,0.032382649694575105,0.3432933358409139,0.1946864111498258,0.1946864111498258,0.043979812545061295,0.7544125057164315
308512659,22.145448535787015,0.7321428571428571,1.1473214285714286,1120,5.6,1.02,0.5030236418500539,0.0806989768642193,0.35889584665155666,0.29878048780487804,0.29878048780487804,0.12400865176640231,0.946353655717195
308512668,24.197698405754576,1.2694610778443114,1.4540918163672654,1002,5.01,1.63,0.5852614617086976,0.14476259322820842,0.7896140459632062,0.24738675958188153,0.2473867595818815,0.2119682768565249,1.0
308512669,34.54752422484699,1.5953806672369546,1.60393498716852,1169,5.845,2.085,1.0,0.18362147933317136,1.0,0.3201219512195122,0.32012195121951215,0.27757750540735404,1.0
308512670,23.43316383949542,1.9666666666666666,1.0985347985347986,2730,13.65,2.79,0.5546250090740482,0.2278893319992013,0.2903974182639844,1.0,1.0,0.37923576063446285,1.0
308512701,9.592462508776263,0.055299539170506916,0.8917050691244239,434,2.17,0.16,0.0,0.0,0.0,0.0,0.0,0.0,0.4204726938994376
joinedS_308495714_4152158087,22.025682666080375,0.4025522041763341,1.132830626450116,1724,8.62,1.28,0.49822438023855037,0.04140239555484319,0.33855016647975655,0.5618466898954704,0.5618466898954703,0.16149963950973326,0.9343915757847462
joinedS_308495840_308495841,22.906735835849695,0.5057851239669422,1.2805785123966942,2420,12.1,2.31,0.5335299699338839,0.05371069613874348,0.5459942546926174,0.8649825783972126,0.8649825783972125,0.31002162941600575,0.9776082764091945
