semaforo_id,delay,waiting_time,stops,flujo_vehicular,flujo_por_segundo,queue_length
308495742,23.953920987178552,8.442559753276793,1.276792598303778,1297,6.485,7.095
308512653,17.560653165044727,0.32690124858115777,1.1362088535754824,881,4.405,0.465
308512659,22.145448535787015,0.7321428571428571,1.1473214285714286,1120,5.6,1.02
308512668,24.197698405754576,1.2694610778443114,1.4540918163672654,1002,5.01,1.63
308512669,34.54752422484699,1.5953806672369546,1.60393498716852,1169,5.845,2.085
308512670,23.43316383949542,1.9666666666666666,1.0985347985347986,2730,13.65,2.79
308512701,9.592462508776263,0.055299539170506916,0.8917050691244239,434,2.17,0.16
joinedS_308495714_4152158087,22.025682666080375,0.4025522041763341,1.132830626450116,1724,8.62,1.28
joinedS_308495840_308495841,22.906735835849695,0.5057851239669422,1.2805785123966942,2420,12.1,2.31
