semaforo_id,delay,waiting_time,stops,flujo_vehicular,flujo_por_segundo,queue_length,delay_norm,waiting_time_norm,stops_norm,flujo_vehicular_norm,flujo_por_segundo_norm,queue_length_norm,road_rage
308495742,41.367343180530675,8.262941024980686,1.613829513262941,7766,9.7075,6.87875,0.3281208213704701,1.0,0.38138647421652594,0.29504172803141876,0.29504172803141876,0.8933959101575595,1.0
308512653,39.22853125273145,0.5504172461752433,1.8972531293463144,5752,7.19,1.2975,0.29363568954744074,0.035709684902049205,0.5897695583256147,0.19617083946980854,0.1961708394698086,0.1449882668454576,1.0
308512659,25.13997477860284,0.7651300540818955,1.319598248776719,7766,9.7075,1.5175,0.06647886435316558,0.06255504540010653,0.16505722409179455,0.29504172803141876,0.29504172803141876,0.17448876969493798,1.0
308512668,68.26725868331097,5.656469267471232,2.2845916362615775,7126,8.9075,5.67625,0.7618415801172442,0.6741150439951072,0.8745545518297152,0.26362297496318116,0.26362297496318116,0.732148843446195,1.0
308512669,53.009030657363574,2.870775078050767,2.0298629021311254,7367,9.20875,4.69875,0.5158255569122197,0.32582205914043405,0.6872689615785024,0.2754540991654394,0.2754540991654394,0.601072745558163,1.0
308512670,49.328630323802734,3.8226891683212,1.8380763291418487,18132,22.665,7.41875,0.4564846260829424,0.44483907151912755,0.5462606782092647,0.8039273441335297,0.8039273441335297,0.9658062353335568,1.0
308512701,21.01687068972287,0.26480637813211844,1.0951025056947608,1756,2.195,0.21625,0.0,0.0,0.0,0.0,0.0,0.0,0.8897750553793478
joinedS_308495714_4152158087,45.90304499583566,1.0875217195443723,1.8570049552738273,15539,19.42375,4.9,0.40125220472295203,0.10286340224797554,0.5601776747737616,0.6766323024054983,0.6766323024054982,0.628059001005699,1.0
joinedS_308495840_308495841,83.03814811372021,7.658365723583115,2.455211063906716,22126,27.6575,7.67375,1.0,0.9244104621774796,1.0,1.0,1.0,1.0,1.0
