semaforo_id,delay,waiting_time,stops,flujo_vehicular,flujo_por_segundo,queue_length
308495742,41.367343180530675,8.262941024980686,1.613829513262941,7766,9.7075,6.87875
308512653,39.22853125273145,0.5504172461752433,1.8972531293463144,5752,7.19,1.2975
308512659,25.13997477860284,0.7651300540818955,1.319598248776719,7766,9.7075,1.5175
308512668,68.26725868331097,5.656469267471232,2.2845916362615775,7126,8.9075,5.67625
308512669,53.009030657363574,2.870775078050767,2.0298629021311254,7367,9.20875,4.69875
308512670,49.328630323802734,3.8226891683212,1.8380763291418487,18132,22.665,7.41875
308512701,21.01687068972287,0.26480637813211844,1.0951025056947608,1756,2.195,0.21625
joinedS_308495714_4152158087,45.90304499583566,1.0875217195443723,1.8570049552738273,15539,19.42375,4.9
joinedS_308495840_308495841,83.03814811372021,7.658365723583115,2.455211063906716,22126,27.6575,7.67375
