semaforo_id,delay,waiting_time,stops,flujo_vehicular,flujo_por_segundo,queue_length,delay_norm,waiting_time_norm,stops_norm,flujo_vehicular_norm,flujo_por_segundo_norm,queue_length_norm,road_rage
cluster_1520634082_307862705,16.871268299696286,0.9817142857142858,1.086857142857143,875,1.09375,0.36,0.0,0.23728594230156053,0.24090675650854276,0.0,0.0,0.0,0.7379593034164229
cluster_307862891_307862894_307862896_307862898,27.192034692600792,0.38848455442341906,1.0819990295972828,6183,7.72875,1.02375,0.5468062424782129,0.022968132597283943,0.23210086140026318,1.0,1.0,0.8415213946117274,1.0
cluster_3701043284_4151921021,22.676353414252702,0.3249089740843864,0.953951595630756,4669,5.83625,0.74625,0.3075601808930673,0.0,0.0,0.7147701582516955,0.7147701582516955,0.4896988906497623,0.9517103798770261
cluster_4152158088_4152159489_9467311858,35.74589991715762,3.092899800928998,1.5056403450564035,1507,1.88375,1.14875,1.0,1.0,1.0,0.11906556141672947,0.11906556141672947,1.0,1.0
