semaforo_id,delay,waiting_time,stops,flujo_vehicular,flujo_por_segundo,queue_length
cluster_1520634082_307862705,13.71886441108327,0.24778761061946902,0.6194690265486725,113,0.565,0.105
cluster_307862891_307862894_307862896_307862898,19.547826210363013,0.5257586450247,0.7007762879322512,1417,7.085,1.21
cluster_3701043284_4151921021,16.49406977482808,0.19883720930232557,0.7244186046511628,860,4.3,0.38
cluster_4152158088_4152159489_9467311858,28.610865545614924,2.4838709677419355,1.2204301075268817,186,0.93,0.51
