semaforo_id,delay,waiting_time,stops,flujo_vehicular,flujo_por_segundo,queue_length
308495742,43.669214421984925,9.242961051149695,1.6793758798686063,8524,10.655,8.725
308512653,48.29085516324848,2.283077400341244,2.0212501938886303,6447,8.05875,3.0575
308512659,28.600228532151384,1.8179843089921546,1.335184067592034,8285,10.35625,2.5175
308512668,48.51238246759507,3.850790668545483,1.8312196649444183,6387,7.98375,4.1825
308512669,49.12609688310531,2.8315592635212887,1.7917146144994247,6952,8.69,4.55375
308512670,44.52018287229761,2.4059164379383957,1.6866117718816713,16395,20.49375,3.565
308512701,25.684773898643314,0.06813304721030043,1.1995708154506437,1864,2.33,0.08875
joinedS_308495714_4152158087,47.052742588418155,1.213252332936682,1.8636562911003947,15967,19.95875,5.45875
joinedS_308495840_308495841,73.81971329285304,4.804688603304618,2.3221767170362,21243,26.55375,6.6575
