semaforo_id,delay,waiting_time,stops,flujo_vehicular,flujo_por_segundo,queue_length,delay_norm,waiting_time_norm,stops_norm,flujo_vehicular_norm,flujo_por_segundo_norm,queue_length_norm,road_rage
308495742,43.669214421984925,9.242961051149695,1.6793758798686063,8524,10.655,8.725,0.3736254942808759,1.0,0.4274029414421313,0.3436709840549048,0.3436709840549047,1.0,1.0
308512653,48.29085516324848,2.283077400341244,2.0212501938886303,6447,8.05875,3.0575,0.4696397575048055,0.24141535429110098,0.7319393005839855,0.23649311109964394,0.2364931110996439,0.34375452308583004,1.0
308512659,28.600228532151384,1.8179843089921546,1.335184067592034,8285,10.35625,2.5175,0.06056836614317576,0.1907230588988176,0.12080219064397535,0.33133804633882036,0.3313380463388203,0.2812273845708496,1.0
308512668,48.51238246759507,3.850790668545483,1.8312196649444183,6387,7.98375,4.1825,0.4742419717619452,0.4122864886089443,0.5626630401654229,0.23339697610815832,0.23339697610815827,0.4740193949920393,1.0
308512669,49.12609688310531,2.8315592635212887,1.7917146144994247,6952,8.69,4.55375,0.4869918458291819,0.30119651454222973,0.5274725513311872,0.2625522472779813,0.26255224727798127,0.5170068027210883,1.0
308512670,44.52018287229761,2.4059164379383957,1.6866117718816713,16395,20.49375,3.565,0.39130430433075514,0.25480405624217933,0.43384856229878743,0.7498322926879611,0.7498322926879611,0.40251845419018667,1.0
308512701,25.684773898643314,0.06813304721030043,1.1995708154506437,1864,2.33,0.08875,0.0,0.0,0.0,0.0,0.0,0.0,1.0
joinedS_308495714_4152158087,47.052742588418155,1.213252332936682,1.8636562911003947,15967,19.95875,5.45875,0.44391805533976114,0.12481098122326674,0.5915570858052713,0.727746529748697,0.7277465297486968,0.6217976552323057,1.0
joinedS_308495840_308495841,73.81971329285304,4.804688603304618,2.3221767170362,21243,26.55375,6.6575,1.0,0.5162555149873747,1.0,1.0,1.0,0.7606021131856997,1.0
