semaforo_id,delay,waiting_time,stops,flujo_vehicular,flujo_por_segundo,queue_length
cluster_1520634082_307862705,13.174092104887322,0.0,0.38235294117647056,102,0.51,0.0
cluster_307862891_307862894_307862896_307862898,19.15561761483312,0.4729916897506925,0.8282548476454293,1444,7.22,1.41
cluster_3701043284_4151921021,17.26054149561831,0.1404494382022472,0.8887640449438202,890,4.45,0.345
cluster_4152158088_4152159489_9467311858,27.176690972432084,2.97196261682243,1.2102803738317758,214,1.07,0.735
