semaforo_id,delay,waiting_time,stops,flujo_vehicular,flujo_por_segundo,queue_length
cluster_1520634082_307862705,17.62054144061065,0.7291897891231964,1.0832408435072143,901,1.12625,0.38875
cluster_307862891_307862894_307862896_307862898,24.875677182962434,0.4061704834605598,0.9685114503816794,6288,7.86,1.17125
cluster_3701043284_4151921021,22.947865395850386,0.24187315298931575,0.9636280972948398,4399,5.49875,0.57625
cluster_4152158088_4152159489_9467311858,32.11297274506846,2.972844534962661,1.428377460964019,1473,1.84125,1.16125
