semaforo_id,delay,waiting_time,stops,flujo_vehicular,flujo_por_segundo,queue_length
308495742,25.353074791504156,7.552975326560232,1.2082728592162555,1378,6.89,4.395
308512653,15.962559826552132,0.7529411764705882,1.1105882352941177,850,4.25,0.365
308512659,22.934000266650674,1.9463253509496283,1.1420313790255987,1211,6.055,1.32
308512668,16.21736587579242,0.13481675392670156,1.0170157068062826,764,3.82,0.11
308512669,28.172989799161883,2.394429469901168,1.3459119496855345,1113,5.565,2.765
308512670,21.994458927222652,0.7797595967429236,1.0639782861574254,2579,12.895,0.955
308512701,8.025397881099524,0.031476997578692496,0.8159806295399515,413,2.065,0.005
joinedS_308495714_4152158087,23.259191072601332,0.5912996777658431,1.1707841031149302,1862,9.31,1.59
joinedS_308495840_308495841,23.29911111272076,0.8287401574803149,1.3283464566929133,2540,12.7,3.425
