semaforo_id,delay,waiting_time,stops,flujo_vehicular,flujo_por_segundo,queue_length,delay_norm,waiting_time_norm,stops_norm,flujo_vehicular_norm,flujo_por_segundo_norm,queue_length_norm,road_rage
308495742,43.08820021128091,8.694526264113893,1.702626411389298,8148,10.185,7.5325,0.36981722704433695,1.0,0.4296149127290633,0.3178638289486649,0.31786382894866494,0.8386098213029407,1.0
308512653,41.71647552039294,1.1699420103092784,1.8795103092783505,6208,7.76,2.17125,0.3481148809087457,0.10223216189787292,0.5647606904981717,0.22228791013892996,0.22228791013892996,0.23512030392570704,1.0
308512659,28.30998852871783,2.0419335347432024,1.3181873111782478,8275,10.34375,2.48,0.1360080178564451,0.20627059370074574,0.13588935702321459,0.3241206030150754,0.32412060301507534,0.26987477135218796,1.0
308512668,45.867260468787634,1.9590590770335787,1.9579816843239362,5569,6.96125,2.2525,0.4137853265038821,0.19638273541884327,0.6247156956722375,0.19080697605675437,0.19080697605675434,0.2442662164063599,1.0
308512669,52.024271397862634,2.7547061359390717,1.8458111797672079,6959,8.69875,3.335,0.5111966971900109,0.29131241071681463,0.5390133210525826,0.25928662922455414,0.25928662922455414,0.36611791191782744,1.0
308512670,51.62059612544985,4.268719118206005,1.8362925557908454,18417,23.02125,8.96625,0.504810065421642,0.47195124950197104,0.5317407436392103,0.8237757414523599,0.8237757414523598,1.0,1.0
308512701,19.71342689032171,0.3130896226415094,1.1403301886792452,1696,2.12,0.0825,0.0,0.0,0.0,0.0,0.0,0.0,0.8404120756128685
joinedS_308495714_4152158087,45.60565755781966,1.4220975671246692,1.8349930669355856,15866,19.8325,4.73625,0.4096464515812254,0.13231716612825675,0.5307478865496603,0.6980983348113114,0.6980983348113114,0.5238497256226256,1.0
joinedS_308495840_308495841,82.91971262172392,5.809766299899973,2.44916795489679,21994,27.4925,8.1625,1.0,0.6558155734376405,1.0,1.0,1.0,0.9095258196144645,1.0
