semaforo_id,delay,waiting_time,stops,flujo_vehicular,flujo_por_segundo,queue_length
308495742,43.08820021128091,8.694526264113893,1.702626411389298,8148,10.185,7.5325
308512653,41.71647552039294,1.1699420103092784,1.8795103092783505,6208,7.76,2.17125
308512659,28.30998852871783,2.0419335347432024,1.3181873111782478,8275,10.34375,2.48
308512668,45.867260468787634,1.9590590770335787,1.9579816843239362,5569,6.96125,2.2525
308512669,52.024271397862634,2.7547061359390717,1.8458111797672079,6959,8.69875,3.335
308512670,51.62059612544985,4.268719118206005,1.8362925557908454,18417,23.02125,8.96625
308512701,19.71342689032171,0.3130896226415094,1.1403301886792452,1696,2.12,0.0825
joinedS_308495714_4152158087,45.60565755781966,1.4220975671246692,1.8349930669355856,15866,19.8325,4.73625
joinedS_308495840_308495841,82.91971262172392,5.809766299899973,2.44916795489679,21994,27.4925,8.1625
