semaforo_id,delay,waiting_time,stops,flujo_vehicular,flujo_por_segundo,queue_length,delay_norm,waiting_time_norm,stops_norm,flujo_vehicular_norm,flujo_por_segundo_norm,queue_length_norm,road_rage
308495742,25.353074791504156,7.552975326560232,1.2082728592162555,1378,6.89,4.395,0.8600371191194484,1.0,0.7402699458649344,0.4455216989843029,0.44552169898430277,1.0,1.0
308512653,15.962559826552132,0.7529411764705882,1.1105882352941177,850,4.25,0.365,0.39395089883356854,0.09592027377204598,0.5559354477731782,0.20175438596491227,0.2017543859649123,0.08200455580865604,0.6979847460032619
308512659,22.934000266650674,1.9463253509496283,1.1420313790255987,1211,6.055,1.32,0.7399694438016463,0.25458336485866356,0.6152698228820941,0.3684210526315789,0.3684210526315789,0.2995444191343964,1.0
308512668,16.21736587579242,0.13481675392670156,1.0170157068062826,764,3.82,0.11,0.4065978717460909,0.013739251386897794,0.37936062584695435,0.16204986149584488,0.16204986149584485,0.023917995444191344,0.6920715983824822
308512669,28.172989799161883,2.394429469901168,1.3459119496855345,1113,5.565,2.765,1.0,0.31415980818843503,1.0,0.3231763619575254,0.3231763619575254,0.6287015945330298,1.0
308512670,21.994458927222652,0.7797595967429236,1.0639782861574254,2579,12.895,0.955,0.6933365090445293,0.09948584263869051,0.46798074993820676,1.0,1.0,0.2164009111617312,0.9379326804700616
308512701,8.025397881099524,0.031476997578692496,0.8159806295399515,413,2.065,0.005,0.0,0.0,0.0,0.0,0.0,0.0,0.3542846803771529
joinedS_308495714_4152158087,23.259191072601332,0.5912996777658431,1.1707841031149302,1862,9.31,1.59,0.7561098742448064,0.07442967553819217,0.6695272766242744,0.6689750692520776,0.6689750692520776,0.36104783599088847,0.9890250005839674
joinedS_308495840_308495841,23.29911111272076,0.8287401574803149,1.3283464566929133,2540,12.7,3.425,0.7580912544654191,0.10599791757310369,0.9668532650838686,0.981994459833795,0.981994459833795,0.7790432801822323,1.0
