semaforo_id,delay,waiting_time,stops,flujo_vehicular,flujo_por_segundo,queue_length
308495742,48.94221107095049,14.498,1.7206666666666666,9000,11.25,11.1875
308512653,45.41487914059021,1.9946025515210992,1.943245011449133,6114,7.6425,2.47875
308512659,28.580551167410285,1.8007872016251905,1.2478415439309294,7876,9.845,2.035
308512668,47.107815024731835,1.864902266043937,1.8297872340425532,5781,7.22625,2.51875
308512669,50.815630697849514,2.948767654389366,1.872888396566048,7222,9.0275,4.8975
308512670,39.05878209245165,1.3721880021424746,1.4838644884841992,14936,18.67,1.995
308512701,26.17161187865871,0.034266133637921185,1.098229583095374,1751,2.18875,0.04375
joinedS_308495714_4152158087,43.0058801113302,1.2365896756279187,1.8135807143758678,15846,19.8075,5.355
joinedS_308495840_308495841,85.73221767975656,9.381302288521978,2.3989199238634855,22591,28.23875,8.52375
