semaforo_id,delay,waiting_time,stops,flujo_vehicular,flujo_por_segundo,queue_length,delay_norm,waiting_time_norm,stops_norm,flujo_vehicular_norm,flujo_por_segundo_norm,queue_length_norm,road_rage
308495742,48.94221107095049,14.498,1.7206666666666666,9000,11.25,11.1875,0.38230973117254735,1.0,0.4785436349159921,0.34784069097888676,0.3478406909788867,1.0,1.0
308512653,45.41487914059021,1.9946025515210992,1.943245011449133,6114,7.6425,2.47875,0.3230871647980585,0.13553460233683368,0.649666874480472,0.20935700575815738,0.20935700575815736,0.21850813236118896,1.0
308512659,28.580551167410285,1.8007872016251905,1.2478415439309294,7876,9.845,2.035,0.04044517775383629,0.12213451134465496,0.11502504181525884,0.2939059500959693,0.29390595009596926,0.17868760515984297,1.0
308512668,47.107815024731835,1.864902266043937,1.8297872340425532,5781,7.22625,2.51875,0.3515109167289098,0.1265673268963748,0.5624379823680123,0.1933781190019194,0.19337811900191937,0.22209758833426804,1.0
308512669,50.815630697849514,2.948767654389366,1.872888396566048,7222,9.0275,4.8975,0.4137637367472269,0.2015040893091668,0.5955751259082972,0.2625239923224568,0.26252399232245677,0.43555804823331457,1.0
308512670,39.05878209245165,1.3721880021424746,1.4838644884841992,14936,18.67,1.995,0.21637070409977932,0.09250183119146868,0.2964847921920383,0.6326775431861804,0.6326775431861805,0.1750981491867639,1.0
308512701,26.17161187865871,0.034266133637921185,1.098229583095374,1751,2.18875,0.04375,0.0,0.0,0.0,0.0,0.0,0.0,1.0
joinedS_308495714_4152158087,43.0058801113302,1.2365896756279187,1.8135807143758678,15846,19.8075,5.355,0.2826409840237252,0.08312677439303619,0.5499780453955314,0.6763435700575816,0.6763435700575816,0.4766124509254066,1.0
joinedS_308495840_308495841,85.73221767975656,9.381302288521978,2.3989199238634855,22591,28.23875,8.52375,1.0,0.6462395008955613,1.0,1.0,1.0,0.760964666292765,1.0
