semaforo_id,delay,waiting_time,stops,flujo_vehicular,flujo_por_segundo,queue_length,delay_norm,waiting_time_norm,stops_norm,flujo_vehicular_norm,flujo_por_segundo_norm,queue_length_norm,road_rage
308495742,24.46743846711657,7.9842271293375395,1.2673501577287065,1268,6.34,5.855,0.5431253163982275,1.0,0.4840830582530043,0.3904014766958929,0.3904014766958929,1.0,1.0
308512653,25.18771088950082,2.5332640332640333,1.293139293139293,962,4.81,2.545,0.5694915402006153,0.3127964945942004,0.5173168654433868,0.24919243193354867,0.24919243193354865,0.4192982456140351,1.0
308512659,23.896820285155833,2.4405652535328346,1.0897755610972568,1203,6.015,1.77,0.5222373214900145,0.30110994943596825,0.2552471623455766,0.3604060913705584,0.36040609137055835,0.2833333333333333,1.0
308512668,19.610925161627698,0.9916067146282974,1.1223021582733812,834,4.17,0.94,0.3653482521481079,0.11843959016677459,0.29716336627798173,0.19012459621596678,0.19012459621596675,0.13771929824561402,0.8491612270886091
308512669,36.948339697048624,4.885625965996909,1.6676970633693973,1294,6.47,3.68,1.0,0.6093590171549649,1.0,0.40239963082602676,0.4023996308260267,0.618421052631579,1.0
308512670,18.27104398243986,0.37387193811774816,0.8917060593038246,2327,11.635,0.605,0.3163006891133714,0.04056170026968381,0.0,0.8790955237655745,0.8790955237655745,0.07894736842105263,0.7739874404321023
308512701,9.63034271035012,0.052132701421800945,0.8957345971563981,422,2.11,0.155,0.0,0.0,0.005191474941677406,0.0,0.0,0.0,0.4220857463286968
joinedS_308495714_4152158087,19.594655731154944,0.6026077097505669,0.9863945578231292,1764,8.82,1.64,0.36475269492329837,0.06939844366847893,0.12202267555063469,0.6192893401015228,0.6192893401015229,0.26052631578947366,0.8352941657541343
joinedS_308495840_308495841,22.237878396115743,0.705291618385477,1.2417921977597528,2589,12.945,2.565,0.4615102524502217,0.08234381510449343,0.4511471610131517,1.0,1.0,0.4228070175438597,0.9532926561227294
