semaforo_id,delay,waiting_time,stops,flujo_vehicular,flujo_por_segundo,queue_length
308495742,24.46743846711657,7.9842271293375395,1.2673501577287065,1268,6.34,5.855
308512653,25.18771088950082,2.5332640332640333,1.293139293139293,962,4.81,2.545
308512659,23.896820285155833,2.4405652535328346,1.0897755610972568,1203,6.015,1.77
308512668,19.610925161627698,0.9916067146282974,1.1223021582733812,834,4.17,0.94
308512669,36.948339697048624,4.885625965996909,1.6676970633693973,1294,6.47,3.68
308512670,18.27104398243986,0.37387193811774816,0.8917060593038246,2327,11.635,0.605
308512701,9.63034271035012,0.052132701421800945,0.8957345971563981,422,2.11,0.155
joinedS_308495714_4152158087,19.594655731154944,0.6026077097505669,0.9863945578231292,1764,8.82,1.64
joinedS_308495840_308495841,22.237878396115743,0.705291618385477,1.2417921977597528,2589,12.945,2.565
