semaforo_id,delay,waiting_time,stops,flujo_vehicular,flujo_por_segundo,queue_length
308495742,47.350355230489434,12.965367483296214,1.6474387527839645,8980,11.225,9.06875
308512653,38.53542628423622,0.7065731814198072,1.7551270815074496,5705,7.13125,1.39125
308512659,27.165671985441932,1.670304275259982,1.3657722429066632,7789,9.73625,1.86875
308512668,64.10547908532361,3.9472154222766216,2.102356181150551,6536,8.17,4.77375
308512669,45.830500765412424,3.883598701499459,1.6840315350131396,6469,8.08625,4.93
308512670,44.58260052989769,3.5361389052383756,1.6765155974102413,16990,21.2375,4.38875
308512701,24.324958117103677,0.4610574189880614,1.107447413303013,1759,2.19875,0.1775
joinedS_308495714_4152158087,45.85036271650816,1.0617639689300926,1.859245803056878,15964,19.955,4.87375
joinedS_308495840_308495841,88.38451626141875,7.798225108225108,2.598095238095238,23100,28.875,7.9575
