semaforo_id,delay,waiting_time,stops,flujo_vehicular,flujo_por_segundo,queue_length,delay_norm,waiting_time_norm,stops_norm,flujo_vehicular_norm,flujo_por_segundo_norm,queue_length_norm,road_rage
308495742,45.187082720820214,8.821481299212598,1.7124753937007875,8128,10.16,7.7225,0.3644479472275808,0.9407120022398093,0.46756170920947365,0.3037054976992008,0.3037054976992008,0.8991324805175709,1.0
308512653,37.26484374350461,0.24643478260869564,1.781391304347826,5750,7.1875,0.7225,0.24167993688734302,0.005743678779964085,0.5213149943747422,0.18852022281424075,0.18852022281424075,0.07572415821202765,1.0
308512659,28.463469066337183,1.9151530877010898,1.301634665282823,7708,9.635,2.06625,0.10528828542760281,0.18769006857714715,0.1471126485380759,0.2833615887624122,0.28336158876241224,0.2337891486546096,1.0
308512668,55.78256184383185,2.809076682316119,2.0309859154929577,6390,7.9875,3.81125,0.5286421724028517,0.28515778994053187,0.7159947161201748,0.21952046500363284,0.21952046500363284,0.4390530804293486,1.0
308512669,53.916209388405946,4.084604163903991,1.9822304734120144,7541,9.42625,5.75,0.49971999797686717,0.4242331627304028,0.6779662672913078,0.2752724630661177,0.2752724630661177,0.6671077782679017,1.0
308512670,51.97243253714286,4.9867608120035305,1.7959510150044131,18128,22.66,3.51375,0.46959800629518716,0.5225985636805353,0.5326713309811852,0.7880842819084524,0.7880842819084524,0.404058226731363,1.0
308512701,21.669199481307515,0.193756727664155,1.1130247578040904,1858,2.3225,0.07875,0.0,0.0,0.0,0.0,0.0,0.0,0.9151641041177475
joinedS_308495714_4152158087,44.31971885468551,1.4587842939843947,1.8092751069720614,15892,19.865,5.59125,0.35100672986576176,0.13793052906742112,0.5430639051832942,0.6797771857592637,0.6797771857592637,0.6484340538156153,1.0
joinedS_308495840_308495841,86.19935644450993,9.365240190196863,2.395102875172199,22503,28.12875,8.58,1.0,1.0,1.0,1.0,1.0,1.0,1.0
