semaforo_id,delay,waiting_time,stops,flujo_vehicular,flujo_por_segundo,queue_length,delay_norm,waiting_time_norm,stops_norm,flujo_vehicular_norm,flujo_por_segundo_norm,queue_length_norm,road_rage
308495742,24.47051311132695,5.977814297452753,1.2046014790468365,1217,6.085,5.485,0.6354174674379258,1.0,0.4907124919292551,0.35690555291884196,0.3569055529188419,1.0,1.0
308512653,14.05298908925097,0.14285714285714285,1.0554187192118227,812,4.06,0.27,0.04766350588375364,0.0,0.18715611449854935,0.1646891314665401,0.16468913146654005,0.0,0.6071934551956546
308512659,21.82584194035307,1.0460147904683648,1.1750205423171733,1217,6.085,1.31,0.4862058165260568,0.15478393819908265,0.4305213411247375,0.35690555291884196,0.3569055529188419,0.19942473633748803,0.940954795116177
308512668,25.476303041687608,2.1462488129154798,1.4548907882241215,1053,5.265,1.715,0.6921638704035478,0.3433429958402465,1.0,0.27906976744186046,0.2790697674418604,0.27708533077660596,1.0
308512669,30.932481110575644,3.7175639894086494,1.4307149161518093,1133,5.665,3.535,1.0,0.6126363487923934,0.9508070493157827,0.3170384432842905,0.3170384432842904,0.62607861936721,1.0
308512670,22.821241609775203,0.6127775613556681,1.0673938449552007,2567,12.835,1.305,0.5423660037061182,0.0805353674496849,0.2115230439879704,0.9976269577598481,0.9976269577598482,0.1984659635666347,0.9678009694163295
308512701,13.208187097262016,1.060215053763441,0.9634408602150538,465,2.325,0.79,0.0,0.15721759159513066,0.0,0.0,0.0,0.09971236816874401,0.5880694193743516
joinedS_308495714_4152158087,22.553641244206194,0.8348574502420656,1.2485207100591715,1859,9.295,2.105,0.5272680615613986,0.11859561073895868,0.5800791364422739,0.6616041765543427,0.6616041765543427,0.35186960690316393,0.968783627175456
joinedS_308495840_308495841,25.091346786024722,0.9599533437013997,1.4047433903576982,2572,12.86,3.355,0.6704447398489697,0.14003465307379545,0.8979603108915339,1.0,1.0,0.5915627996164909,1.0
