semaforo_id,delay,waiting_time,stops,flujo_vehicular,flujo_por_segundo,queue_length
308495742,24.47051311132695,5.977814297452753,1.2046014790468365,1217,6.085,5.485
308512653,14.05298908925097,0.14285714285714285,1.0554187192118227,812,4.06,0.27
308512659,21.82584194035307,1.0460147904683648,1.1750205423171733,1217,6.085,1.31
308512668,25.476303041687608,2.1462488129154798,1.4548907882241215,1053,5.265,1.715
308512669,30.932481110575644,3.7175639894086494,1.4307149161518093,1133,5.665,3.535
308512670,22.821241609775203,0.6127775613556681,1.0673938449552007,2567,12.835,1.305
308512701,13.208187097262016,1.060215053763441,0.9634408602150538,465,2.325,0.79
joinedS_308495714_4152158087,22.553641244206194,0.8348574502420656,1.2485207100591715,1859,9.295,2.105
joinedS_308495840_308495841,25.091346786024722,0.9599533437013997,1.4047433903576982,2572,12.86,3.355
