semaforo_id,delay,waiting_time,stops,flujo_vehicular,flujo_por_segundo,queue_length
308495742,48.82706314763824,12.02751263335205,1.7527231892195396,8905,11.13125,10.1025
308512653,52.51803591743536,3.4983532934131736,2.116916167664671,6680,8.35,4.61875
308512659,24.82053261091407,0.9640417579584998,1.2281221806933884,7759,9.69875,1.54375
308512668,51.01269516892456,2.3125696989007487,1.8330412617492433,6277,7.84625,3.3225
308512669,46.73445114845974,1.5442124654590113,1.7192201412342647,6514,8.1425,3.26125
308512670,46.51304992829887,4.180831826401446,1.6836008137432188,17696,22.12,5.935
308512701,25.63053404560645,0.3516424340333872,1.184168012924071,1857,2.32125,0.2275
joinedS_308495714_4152158087,46.05266529704042,1.3205723124516628,1.7880897138437741,15516,19.395,5.17625
joinedS_308495840_308495841,85.62296156985104,6.897675649450889,2.5139593348917213,22673,28.34125,7.89125
