semaforo_id,delay,waiting_time,stops,flujo_vehicular,flujo_por_segundo,queue_length,delay_norm,waiting_time_norm,stops_norm,flujo_vehicular_norm,flujo_por_segundo_norm,queue_length_norm,road_rage
308495742,48.72260188275741,13.853201347935974,1.6877632687447346,9496,11.87,11.4975,0.5274331667537385,1.0,0.40177465681191904,0.399812734082397,0.3998127340823969,1.0,1.0
308512653,42.3096018697778,0.5249569707401033,2.0032702237521516,5810,7.2625,1.16875,0.3864227283699225,0.03264746588850076,0.6474673396156071,0.20807324178110695,0.20807324178110695,0.09634733158355205,1.0
308512659,25.28989444576263,1.152365374937091,1.3004529441368897,7948,9.935,1.77375,0.0121897016792522,0.07818422921205102,0.10016700214632968,0.3192883895131086,0.3192883895131086,0.1492782152230971,1.0
308512668,47.06492840095534,1.9282984531392175,1.843130118289354,5495,6.86875,1.88375,0.4909838818803502,0.13450078586102823,0.5227624749171559,0.19168747399084476,0.19168747399084476,0.15890201224846895,1.0
308512669,52.994340648485625,1.952930728241563,1.9749851983422144,6756,8.445,3.9025,0.6213610873521057,0.13628857524024718,0.62544112540434,0.25728256346233874,0.25728256346233874,0.33552055993000873,1.0
308512670,50.53584531261165,5.201592669357478,1.7784444202029017,18334,22.9175,5.97375,0.5673031574636751,0.37207366983131995,0.4723902011854524,0.8595505617977528,0.8595505617977528,0.5167322834645669,1.0
308512701,24.735520188627962,0.07513812154696133,1.1718232044198895,1810,2.2625,0.0675,0.0,0.0,0.0,0.0,0.0,0.0,1.0
joinedS_308495714_4152158087,47.44006085016169,1.2787409634700275,1.8749280276373872,15631,19.53875,5.1375,0.49923237572215906,0.08735646092970567,0.5475242544319151,0.7189450686641697,0.7189450686641697,0.44356955380577434,1.0
joinedS_308495840_308495841,70.21442293144533,3.8173433488637443,2.455976038794333,21034,26.2925,6.64375,1.0,0.27160604257856563,1.0,1.0,1.0,0.575349956255468,1.0
