semaforo_id,delay,waiting_time,stops,flujo_vehicular,flujo_por_segundo,queue_length
308495742,52.907056550841766,16.553401285176157,1.7425216042543763,9026,11.2825,10.8325
308512653,36.334618987061376,0.3890889449045733,1.829852358660425,5554,6.9425,0.79625
308512659,23.426881163791602,0.6688430399582136,1.1958735962392268,7658,9.5725,1.1425
308512668,55.590301829159024,3.5284039675383227,2.0728884881274423,6654,8.3175,4.4525
308512669,46.6076057877666,1.7620622275665114,1.8045994288290996,6653,8.31625,3.88625
308512670,39.35857084940241,2.3442643237223115,1.5616879099121397,16162,20.2025,2.8175
308512701,20.927406133692333,0.08384572386808273,1.1302403577417552,1789,2.23625,0.08
joinedS_308495714_4152158087,43.4328428187593,1.2212167886022334,1.7588884610447952,15582,19.4775,4.52125
joinedS_308495840_308495841,83.95427981503438,7.863483401546158,2.3713960891314234,21990,27.4875,6.935
