semaforo_id,delay,waiting_time,stops,flujo_vehicular,flujo_por_segundo,queue_length,delay_norm,waiting_time_norm,stops_norm,flujo_vehicular_norm,flujo_por_segundo_norm,queue_length_norm,road_rage
308495742,52.907056550841766,16.553401285176157,1.7425216042543763,9026,11.2825,10.8325,0.5073970601625513,1.0,0.4933154083952675,0.358249591604376,0.3582495916043761,1.0,1.0
308512653,36.334618987061376,0.3890889449045733,1.829852358660425,5554,6.9425,0.79625,0.24445465804422511,0.0185337861668592,0.5636778554253982,0.1863769120340577,0.18637691203405773,0.06661241571727507,1.0
308512659,23.426881163791602,0.6688430399582136,1.1958735962392268,7658,9.5725,1.1425,0.03965729036055921,0.03551992122146058,0.05288074400138725,0.2905301717736746,0.2905301717736746,0.09881422924901186,0.9982870512003975
308512668,55.590301829159024,3.5284039675383227,2.0728884881274423,6654,8.3175,4.4525,0.5499700948315956,0.20914700647797327,0.7594922269184101,0.24082966189792585,0.24082966189792587,0.40664961636828645,1.0
308512669,46.6076057877666,1.7620622275665114,1.8045994288290996,6653,8.31625,3.88625,0.4074484129406599,0.10189810510983445,0.5433315530294445,0.24078015939804961,0.24078015939804961,0.35398744478028366,1.0
308512670,39.35857084940241,2.3442643237223115,1.5616879099121397,16162,20.2025,2.8175,0.29243342782471354,0.137248305908426,0.34761758033966567,0.7114994307212514,0.7114994307212515,0.2545919553592188,1.0
308512701,20.927406133692333,0.08384572386808273,1.1302403577417552,1789,2.23625,0.08,0.0,0.0,0.0,0.0,0.0,0.0,0.8839827741347251
joinedS_308495714_4152158087,43.4328428187593,1.2212167886022334,1.7588884610447952,15582,19.4775,4.52125,0.3570768367609718,0.06905900165309721,0.5065021958196737,0.68278798079303,0.6827879807930302,0.4130434782608696,1.0
joinedS_308495840_308495841,83.95427981503438,7.863483401546158,2.3713960891314234,21990,27.4875,6.935,1.0,0.47236476107192454,1.0,1.0,1.0,0.6375261567077424,1.0
