semaforo_id,delay,waiting_time,stops,flujo_vehicular,flujo_por_segundo,queue_length,delay_norm,waiting_time_norm,stops_norm,flujo_vehicular_norm,flujo_por_segundo_norm,queue_length_norm,road_rage
308495742,46.936845594991055,9.979171597633137,1.7379881656804734,8450,10.5625,8.7625,0.5137564386784855,1.0,0.489166147582557,0.34332912457912457,0.3433291245791246,1.0,1.0
308512653,38.62994378591083,0.4176933607118412,1.7804585900068446,5844,7.305,1.09125,0.3333338835269806,0.03497060318177229,0.5237466934609506,0.20622895622895623,0.20622895622895626,0.1171054524528845,1.0
308512659,30.22455284844651,2.086299892125135,1.4076471293299773,8343,10.42875,2.74375,0.15077218425097433,0.2033812102695747,0.22019371454893388,0.3376999158249158,0.33769991582491593,0.30729391454466987,1.0
308512668,54.02795231818181,2.3832764505119455,1.929863481228669,5860,7.325,3.12625,0.667772415182697,0.2333547250240732,0.6453961183795679,0.20707070707070707,0.20707070707070707,0.3513163573586535,1.0
308512669,49.60704504985345,2.0833333333333335,1.8419784580498866,7056,8.82,4.07,0.5717520933139857,0.20308179877999735,0.5738378016388874,0.2699915824915825,0.26999158249158256,0.45993382247158693,1.0
308512670,52.507961734571595,4.2821561138307604,1.8869761687019204,18589,23.23625,7.0575,0.6347588330790285,0.42500654399145016,0.6104761310718039,0.8767361111111112,0.876736111111111,0.8037692418357072,1.0
308512701,23.28279476802422,0.07120582120582121,1.137214137214137,1924,2.405,0.07375,0.0,0.0,0.0,0.0,0.0,0.0,0.9782244726336509
joinedS_308495714_4152158087,49.14676612700818,1.8295936558677077,1.9144894571832545,16267,20.33375,6.3,0.5617550208493335,0.17747213447642107,0.6328781802550866,0.7545770202020202,0.7545770202020201,0.7165875413609553,1.0
joinedS_308495840_308495841,69.32416582667445,4.550210204471623,2.365373590674565,20932,26.165,6.8375,1.0,0.45206094614518055,1.0,1.0,1.0,0.7784491440080565,1.0
