semaforo_id,delay,waiting_time,stops,flujo_vehicular,flujo_por_segundo,queue_length
308495742,46.936845594991055,9.979171597633137,1.7379881656804734,8450,10.5625,8.7625
308512653,38.62994378591083,0.4176933607118412,1.7804585900068446,5844,7.305,1.09125
308512659,30.22455284844651,2.086299892125135,1.4076471293299773,8343,10.42875,2.74375
308512668,54.02795231818181,2.3832764505119455,1.929863481228669,5860,7.325,3.12625
308512669,49.60704504985345,2.0833333333333335,1.8419784580498866,7056,8.82,4.07
308512670,52.507961734571595,4.2821561138307604,1.8869761687019204,18589,23.23625,7.0575
308512701,23.28279476802422,0.07120582120582121,1.137214137214137,1924,2.405,0.07375
joinedS_308495714_4152158087,49.14676612700818,1.8295936558677077,1.9144894571832545,16267,20.33375,6.3
joinedS_308495840_308495841,69.32416582667445,4.550210204471623,2.365373590674565,20932,26.165,6.8375
