semaforo_id,delay,waiting_time,stops,flujo_vehicular,flujo_por_segundo,queue_length
308495742,50.993413724055365,16.043549802544977,1.6929574374725758,9116,11.395,11.0825
308512653,36.72924319431193,0.43272456205739845,1.878680581438688,5366,6.7075,0.77625
308512659,23.897054711661422,0.7877792378449409,1.25742444152431,7610,9.5125,1.29
308512668,58.609545292626834,4.066521423384168,2.059114015976761,6885,8.60625,4.955
308512669,50.20393325039392,1.793878735131999,1.9332753118653903,6894,8.6175,3.9925
308512670,38.48210467930025,1.3659926125336506,1.550929693858386,15973,19.96625,2.85125
308512701,27.55684707989299,0.05241935483870968,1.1180875576036866,1736,2.17,0.05875
joinedS_308495714_4152158087,43.556298353779844,1.2733456232915898,1.8000762824995233,15731,19.66375,5.25625
joinedS_308495840_308495841,81.96227541509708,8.696670276123443,2.3536816459122902,22164,27.705,7.78125
