semaforo_id,delay,waiting_time,stops,flujo_vehicular,flujo_por_segundo,queue_length,delay_norm,waiting_time_norm,stops_norm,flujo_vehicular_norm,flujo_por_segundo_norm,queue_length_norm,road_rage
308495742,50.993413724055365,16.043549802544977,1.6929574374725758,9116,11.395,11.0825,0.46665385378946267,1.0,0.4652578749837049,0.36126884668102605,0.3612688466810261,1.0,1.0
308512653,36.72924319431193,0.43272456205739845,1.878680581438688,5366,6.7075,0.77625,0.22099612000426339,0.02378225907557642,0.6155686815207833,0.17769727824554532,0.17769727824554535,0.06508674452885815,1.0
308512659,23.897054711661422,0.7877792378449409,1.25742444152431,7610,9.5125,1.29,0.0,0.045985484604167536,0.1127691409655098,0.287546504797337,0.287546504797337,0.11169066787617643,1.0
308512668,58.609545292626834,4.066521423384168,2.059114015976761,6885,8.60625,4.955,0.5978189725353358,0.25102053176742317,0.7615983819259277,0.2520560015664774,0.2520560015664774,0.4441546660619118,1.0
308512669,50.20393325039392,1.793878735131999,1.9332753118653903,6894,8.6175,3.9925,0.4530574106157828,0.10890158053479454,0.6597536860811698,0.25249657333072256,0.25249657333072256,0.35684317949880945,1.0
308512670,38.48210467930025,1.3659926125336506,1.550929693858386,15973,19.96625,2.85125,0.2511839237145248,0.08214386481246902,0.3503109478673649,0.6969355786175837,0.6969355786175838,0.253316702573988,1.0
308512701,27.55684707989299,0.05241935483870968,1.1180875576036866,1736,2.17,0.05875,0.06302899263784287,0.0,0.0,0.0,0.0,0.0,1.0
joinedS_308495714_4152158087,43.556298353779844,1.2733456232915898,1.8000762824995233,15731,19.66375,5.25625,0.3385717543816243,0.07635021629305808,0.5519520782342091,0.685089093401214,0.685089093401214,0.4714820274407529,1.0
joinedS_308495840_308495841,81.96227541509708,8.696670276123443,2.3536816459122902,22164,27.705,7.78125,1.0,0.540565343366619,1.0,1.0,1.0,0.7005329402426579,1.0
