semaforo_id,delay,waiting_time,stops,flujo_vehicular,flujo_por_segundo,queue_length
cluster_1520634082_307862705,17.633737888934846,0.48354143019296253,1.1293984108967083,881,1.10125,0.2425
cluster_307862891_307862894_307862896_307862898,26.392033825135027,0.40626506024096387,1.0139759036144578,6225,7.78125,1.0425
cluster_3701043284_4151921021,22.30526734654526,0.3225733634311512,0.8650112866817156,4430,5.5375,0.7175
cluster_4152158088_4152159489_9467311858,35.94241961061566,3.0595238095238093,1.5889724310776943,1596,1.995,1.3925
