semaforo_id,delay,waiting_time,stops,flujo_vehicular,flujo_por_segundo,queue_length,delay_norm,waiting_time_norm,stops_norm,flujo_vehicular_norm,flujo_por_segundo_norm,queue_length_norm,road_rage
cluster_1520634082_307862705,17.633737888934846,0.48354143019296253,1.1293984108967083,881,1.10125,0.2425,0.0,0.05881292699018848,0.36519518521339767,0.0,0.0,0.0,0.7601962805971215
cluster_307862891_307862894_307862896_307862898,26.392033825135027,0.40626506024096387,1.0139759036144578,6225,7.78125,1.0425,0.4783684630788444,0.030578447969086577,0.20576327622807383,1.0,1.0,0.6956521739130435,1.0
cluster_3701043284_4151921021,22.30526734654526,0.3225733634311512,0.8650112866817156,4430,5.5375,0.7175,0.2551537859811323,0.0,0.0,0.6641092814371258,0.6641092814371257,0.41304347826086957,0.933262612597702
cluster_4152158088_4152159489_9467311858,35.94241961061566,3.0595238095238093,1.5889724310776943,1596,1.995,1.3925,1.0,1.0,1.0,0.1337949101796407,0.13379491017964074,1.0,1.0
