semaforo_id,delay,waiting_time,stops,flujo_vehicular,flujo_por_segundo,queue_length,delay_norm,waiting_time_norm,stops_norm,flujo_vehicular_norm,flujo_por_segundo_norm,queue_length_norm,road_rage
308495742,47.309665107751144,12.090949921401302,1.7359083763754772,8906,11.1325,10.19125,0.4186865065013768,1.0,0.37766403197505094,0.34217856619264037,0.3421785661926404,1.0,1.0
308512653,35.830198515299614,0.5012433392539964,1.7273534635879217,5630,7.0375,0.67625,0.21637918330124398,0.029397948535973422,0.3721821500558445,0.18208473830816596,0.18208473830816596,0.05039920159680639,1.0
308512659,24.527390538734235,1.1537051584184341,1.2238805970149254,7638,9.5475,1.56875,0.01718518696280248,0.08403960625994504,0.049562986936798545,0.28021306748766067,0.2802130674876606,0.13947105788423153,1.0
308512668,59.05979007065506,2.0164271047227924,2.1764334228399935,6331,7.91375,3.045,0.6257637525883393,0.1562898987924506,0.6599470133614082,0.21634168987929434,0.21634168987929436,0.28680139720558884,1.0
308512669,48.88571009451455,1.8219956300072833,1.9130371449380918,6865,8.58125,3.81375,0.4464617903046115,0.14000686462843256,0.4911659481099747,0.24243757024874163,0.24243757024874166,0.3635229540918164,1.0
308512670,45.32325724698483,4.5979344301669265,1.6507145430527201,16654,20.8175,2.22375,0.3836792303480069,0.3724831464977136,0.323072881122026,0.7208131749987783,0.7208131749987783,0.20484031936127742,1.0
308512701,23.552256388847983,0.15021008403361344,1.146533613445378,1904,2.38,0.17125,0.0,0.0,0.0,0.0,0.0,0.0,0.9909558017724067
joinedS_308495714_4152158087,46.29938507370052,1.2207751153821838,1.765695138142505,15817,19.77125,4.79,0.400881929282979,0.08965650754723874,0.39675101916209854,0.679910081610712,0.679910081610712,0.4609530938123753,1.0
joinedS_308495840_308495841,80.29497044816777,4.433585192471051,2.707113157777082,22367,27.95875,7.7675,1.0,0.3587194065674995,1.0,1.0,1.0,0.7581087824351298,1.0
