semaforo_id,delay,waiting_time,stops,flujo_vehicular,flujo_por_segundo,queue_length,delay_norm,waiting_time_norm,stops_norm,flujo_vehicular_norm,flujo_por_segundo_norm,queue_length_norm,road_rage
308495742,52.107626807333666,16.325346513377028,1.8070269689481036,9307,11.63375,11.8275,0.49215314770629576,1.0,0.4509659822627354,0.376255936015996,0.376255936015996,1.0,1.0
308512653,35.39367959456196,0.6718722887385042,1.6909595696685753,5763,7.20375,1.0725,0.21414812993611423,0.012788094543092371,0.36385157234878174,0.19910022494376406,0.19910022494376406,0.0729447257838595,1.0
308512659,27.71835494703609,1.4748702367388278,1.2463602987719964,7899,9.87375,1.93875,0.08648356704956597,0.063430470985993,0.03015750000162264,0.30587353161709574,0.30587353161709574,0.14761340372804654,1.0
308512668,52.04684395460853,3.077471335605826,2.0074372482181593,6454,8.0675,4.15,0.4911421394844282,0.16450112544873147,0.6013839577465789,0.23364158960259934,0.23364158960259943,0.33821786445426144,1.0
308512669,47.37265519969851,3.9414092223405874,1.8147922690610256,6571,8.21375,4.79375,0.4133958171269547,0.21898677860919039,0.4567942298270045,0.23949012746813297,0.23949012746813297,0.39370757461480443,1.0
308512670,46.53603981312746,3.371641704062008,1.7088991199953378,17159,21.44875,3.0475,0.39948029660689666,0.18305345995320116,0.37731610546090805,0.7687578105473631,0.7687578105473631,0.24318500161620515,1.0
308512701,22.51887406704138,0.4691011235955056,1.206179775280899,1780,2.225,0.22625,0.0,0.0,0.0,0.0,0.0,0.0,0.9583841761648013
joinedS_308495714_4152158087,45.96575792952172,1.3260581593389265,1.8768687314703842,15853,19.81625,5.35875,0.3899947320560718,0.05404539439681493,0.503385731195217,0.7034741314671332,0.7034741314671332,0.4424092231440577,1.0
joinedS_308495840_308495841,82.63990118673398,4.911544640807896,2.538535689694744,21785,27.23125,6.93875,1.0,0.2801699524702929,1.0,1.0,1.0,0.5786014438099342,1.0
