semaforo_id,delay,waiting_time,stops,flujo_vehicular,flujo_por_segundo,queue_length,delay_norm,waiting_time_norm,stops_norm,flujo_vehicular_norm,flujo_por_segundo_norm,queue_length_norm,road_rage
308495742,46.149923412168924,10.12835362250325,1.711499822715991,8461,10.57625,8.8175,0.2704725099253407,0.2958246246964305,0.43869649619536827,0.29873735112384703,0.2987373511238471,0.6409715857011916,1.0
308512653,39.05495425125304,0.6290718038528896,1.7267950963222416,5710,7.1375,1.4075,0.19115413537392195,0.01583952648121576,0.4485208868499834,0.1755619235246709,0.17556192352467093,0.09761686526122824,1.0
308512659,29.769457753597685,1.535006605019815,1.2568031704095113,7570,9.4625,1.9,0.08734670895773185,0.042541360274935186,0.14663780822400552,0.25884301961135486,0.2588430196113549,0.13373052245646197,1.0
308512668,39.645891831551694,1.1420601713488743,1.6718469814704124,5019,6.27375,1.39875,0.1977605359469989,0.03095952199231141,0.41322686335383485,0.1446225485806394,0.1446225485806394,0.09697525206232814,1.0
308512669,59.82277201457657,3.825400999211149,2.157901656586905,7606,9.5075,4.87625,0.42332844235205935,0.11004923209638086,0.7254272940734935,0.2604549117936778,0.26045491179367786,0.3519706691109074,1.0
308512670,50.99940206863973,4.333368801872739,1.8544371142796339,18796,23.495,7.4075,0.3246873705863288,0.12502124975345663,0.5305073279323029,0.7614847317990507,0.7614847317990509,0.5375802016498625,1.0
308512701,21.956360096624604,0.09167132476243711,1.028507546115148,1789,2.23625,0.07625,0.0,0.0,0.0,0.0,0.0,0.0,0.9212281322048389
joinedS_308495714_4152158087,111.4056106774786,34.01948348049579,2.5853749533640094,24123,30.15375,13.71375,1.0,1.0,1.0,1.0,1.0,1.0,1.0
joinedS_308495840_308495841,59.377570315408796,1.6255314259450764,1.9711019188785477,17406,21.7575,5.45625,0.41835129948862815,0.04520951996969357,0.605442935200922,0.6992477836482494,0.6992477836482495,0.3945004582951421,1.0
