semaforo_id,delay,waiting_time,stops,flujo_vehicular,flujo_por_segundo,queue_length
308495742,46.149923412168924,10.12835362250325,1.711499822715991,8461,10.57625,8.8175
308512653,39.05495425125304,0.6290718038528896,1.7267950963222416,5710,7.1375,1.4075
308512659,29.769457753597685,1.535006605019815,1.2568031704095113,7570,9.4625,1.9
308512668,39.645891831551694,1.1420601713488743,1.6718469814704124,5019,6.27375,1.39875
308512669,59.82277201457657,3.825400999211149,2.157901656586905,7606,9.5075,4.87625
308512670,50.99940206863973,4.333368801872739,1.8544371142796339,18796,23.495,7.4075
308512701,21.956360096624604,0.09167132476243711,1.028507546115148,1789,2.23625,0.07625
joinedS_308495714_4152158087,111.4056106774786,34.01948348049579,2.5853749533640094,24123,30.15375,13.71375
joinedS_308495840_308495841,59.377570315408796,1.6255314259450764,1.9711019188785477,17406,21.7575,5.45625
