semaforo_id,delay,waiting_time,stops,flujo_vehicular,flujo_por_segundo,queue_length
cluster_1520634082_307862705,17.31287787248054,0.5595667870036101,0.9915764139590855,831,1.03875,0.225
cluster_307862891_307862894_307862896_307862898,25.291627572323517,0.4494596312778131,0.9648760330578512,6292,7.865,1.27625
cluster_3701043284_4151921021,21.623303288845392,0.24442928603910868,0.8847203274215553,4398,5.4975,0.61
cluster_4152158088_4152159489_9467311858,35.66043173366958,3.222079589216945,1.4293966623876766,1558,1.9475,1.3625
