semaforo_id,delay,waiting_time,stops,flujo_vehicular,flujo_por_segundo,queue_length
308495742,48.36097118515219,12.738289643317577,1.672754619681994,9308,11.635,10.94125
308512653,38.37728622518659,0.49763779527559054,1.8771653543307087,5715,7.14375,1.09875
308512659,23.75813253869932,0.7747877204441541,1.1763553233180928,7655,9.56875,1.225
308512668,48.7446581417368,1.6349264705882354,1.8358455882352942,5440,6.8,2.05875
308512669,50.35485955460277,1.8460301213627723,1.9270361163912852,6839,8.54875,3.9925
308512670,47.20758502093697,4.248796147672552,1.68338683788122,17444,21.805,5.33125
308512701,24.998747365271377,0.0711864406779661,1.1536723163841809,1770,2.2125,0.0675
joinedS_308495714_4152158087,47.12961931496418,1.204671570525229,1.8393341076267906,15498,19.3725,4.85375
joinedS_308495840_308495841,85.8498192762389,5.558424333524913,2.6543613776029003,22619,28.27375,7.03625
