semaforo_id,delay,waiting_time,stops,flujo_vehicular,flujo_por_segundo,queue_length,delay_norm,waiting_time_norm,stops_norm,flujo_vehicular_norm,flujo_por_segundo_norm,queue_length_norm,road_rage
308495742,48.36097118515219,12.738289643317577,1.672754619681994,9308,11.635,10.94125,0.3962340200299053,1.0,0.3458959731979808,0.361552112811166,0.36155211281116595,1.0,1.0
308512653,38.37728622518659,0.49763779527559054,1.8771653543307087,5715,7.14375,1.09875,0.23544462156878038,0.03366605195959556,0.4821072243699667,0.1892177082833709,0.18921770828337092,0.09483848718243477,1.0
308512659,23.75813253869932,0.7747877204441541,1.1763553233180928,7655,9.56875,1.225,0.0,0.05554555516841209,0.015115061154301265,0.282267734663533,0.282267734663533,0.10644901712840558,1.0
308512668,48.7446581417368,1.6349264705882354,1.8358455882352942,5440,6.8,2.05875,0.40241338117701747,0.12344890579121612,0.4545733619842047,0.1760276272243273,0.1760276272243273,0.18312449706862857,1.0
308512669,50.35485955460277,1.8460301213627723,1.9270361163912852,6839,8.54875,3.9925,0.4283460220420058,0.14011440913459666,0.5153391331972864,0.24312916686651637,0.24312916686651637,0.3609610300034487,1.0
308512670,47.20758502093697,4.248796147672552,1.68338683788122,17444,21.805,5.33125,0.377658487220005,0.32979992664179464,0.35298086404844886,0.7517866564343614,0.7517866564343614,0.4840786297275549,1.0
308512701,24.998747365271377,0.0711864406779661,1.1536723163841809,1770,2.2125,0.0675,0.01998036922102168,0.0,0.0,0.0,0.0,0.0,1.0
joinedS_308495714_4152158087,47.12961931496418,1.204671570525229,1.8393341076267906,15498,19.3725,4.85375,0.37640283271826236,0.08948258427475855,0.4568979737120089,0.6584488464674565,0.6584488464674565,0.4401655362685366,1.0
joinedS_308495840_308495841,85.8498192762389,5.558424333524913,2.6543613776029003,22619,28.27375,7.03625,1.0,0.4331880624216829,1.0,1.0,1.0,0.6408782618691804,1.0
