semaforo_id,delay,waiting_time,stops,flujo_vehicular,flujo_por_segundo,queue_length,delay_norm,waiting_time_norm,stops_norm,flujo_vehicular_norm,flujo_por_segundo_norm,queue_length_norm,road_rage
308495742,45.71036524910052,10.021585321981053,1.7895431106847344,8339,10.42375,8.28375,0.38819177298228985,1.0,0.4704916595684375,0.31817959622623065,0.31817959622623065,1.0,1.0
308512653,38.69666033524905,0.4319932998324958,1.8469011725293132,5970,7.4625,1.18625,0.2749104497575808,0.03463144369669937,0.5110423947249506,0.2023757149142103,0.20237571491421033,0.13497867154174284,1.0
308512659,28.738845431253175,1.9818840579710144,1.332487922705314,8280,10.35,2.68875,0.11407755721264205,0.19065641328417315,0.1473649135865989,0.3152954978735885,0.3152954978735885,0.31809872029250463,1.0
308512668,52.195411159437775,2.2494569152787833,1.916545981173063,5524,6.905,2.9525,0.49293450038805103,0.21759253552676217,0.5602795568520678,0.18057388668915286,0.18057388668915286,0.3502437538086533,1.0
308512669,51.67835816339728,1.9073737232405206,1.9226248775710089,7147,8.93375,4.2125,0.4845833581189926,0.18315557966139548,0.5645771866873458,0.25991103289827444,0.25991103289827444,0.5038086532602072,1.0
308512670,50.97576024241845,3.898473282442748,1.8854416575790622,18340,22.925,7.16375,0.4732354010604878,0.3835963181707835,0.5382895671676095,0.8070587085105343,0.8070587085105343,0.8634978671541743,1.0
308512701,21.675842450652755,0.08797814207650273,1.1240437158469945,1830,2.2875,0.07875,0.0,0.0,0.0,0.0,0.0,0.0,0.91375500950152
joinedS_308495714_4152158087,47.78408587942694,1.6923982405055449,1.911963323214175,16141,20.17625,5.7725,0.42168531453945174,0.16151434915553595,0.5570397306928908,0.6995649410959573,0.6995649410959573,0.6939366240097501,1.0
joinedS_308495840_308495841,83.58988718633104,6.999506438731099,2.5385202135774216,22287,27.85875,8.16,1.0,0.695772257900076,1.0,1.0,1.0,0.9849177330895796,1.0
