semaforo_id,delay,waiting_time,stops,flujo_vehicular,flujo_por_segundo,queue_length,delay_norm,waiting_time_norm,stops_norm,flujo_vehicular_norm,flujo_por_segundo_norm,queue_length_norm,road_rage
308495742,50.680446715782054,14.833471908777765,1.7067347665993586,8419,10.52375,9.09625,0.4725101713998792,1.0,0.43827412831043144,0.31067686207873124,0.31067686207873124,1.0,1.0
308512653,41.31265328243668,1.8173537871524448,1.9533397251518057,6258,7.8225,2.51625,0.3249296683864383,0.1109674345922393,0.6213869043093508,0.2086755404512414,0.20867554045124137,0.27121694586736816,1.0
308512659,24.31493286056197,0.7900252022814697,1.2347791484281736,7539,9.42375,1.27,0.05714706325204287,0.040798390427901295,0.08783063399102568,0.2691399981119607,0.2691399981119607,0.1331856569292538,1.0
308512668,53.12542936978689,2.1877949552481692,1.9804719283970709,6145,7.68125,3.24,0.5110285025847625,0.13626946849569818,0.6415335107862469,0.2033418295100538,0.2033418295100538,0.35137754395680476,1.0
308512669,54.90760778731605,4.068373071528752,1.949392239364189,8556,10.695,6.31,0.5391049956447429,0.2647175335442851,0.6184557585407103,0.3171433965826489,0.31714339658264895,0.6914024643499932,1.0
308512670,47.513573902981356,4.165131290342797,1.6251801717114747,15957,19.94625,2.15875,0.42261916067059874,0.27132635552121676,0.37771699939847697,0.666477862739545,0.666477862739545,0.23162121002353597,1.0
308512701,20.68747616447859,0.19270549809471965,1.116494284158955,1837,2.29625,0.0675,0.0,0.0,0.0,0.0,0.0,0.0,0.8760129279073963
joinedS_308495714_4152158087,45.7120853347319,1.0625,1.8773791152263375,15552,19.44,4.88625,0.39423845490814535,0.05940908266049586,0.5649835041844286,0.6473614651184745,0.6473614651184746,0.5337117541187874,1.0
joinedS_308495840_308495841,84.16329608692594,6.8398557963775355,2.463232419754159,23023,28.77875,8.1825,1.0,0.4540165529471556,1.0,1.0,1.0,0.898795514329226,1.0
