semaforo_id,delay,waiting_time,stops,flujo_vehicular,flujo_por_segundo,queue_length
308495742,50.680446715782054,14.833471908777765,1.7067347665993586,8419,10.52375,9.09625
308512653,41.31265328243668,1.8173537871524448,1.9533397251518057,6258,7.8225,2.51625
308512659,24.31493286056197,0.7900252022814697,1.2347791484281736,7539,9.42375,1.27
308512668,53.12542936978689,2.1877949552481692,1.9804719283970709,6145,7.68125,3.24
308512669,54.90760778731605,4.068373071528752,1.949392239364189,8556,10.695,6.31
308512670,47.513573902981356,4.165131290342797,1.6251801717114747,15957,19.94625,2.15875
308512701,20.68747616447859,0.19270549809471965,1.116494284158955,1837,2.29625,0.0675
joinedS_308495714_4152158087,45.7120853347319,1.0625,1.8773791152263375,15552,19.44,4.88625
joinedS_308495840_308495841,84.16329608692594,6.8398557963775355,2.463232419754159,23023,28.77875,8.1825
