semaforo_id,delay,waiting_time,stops,flujo_vehicular,flujo_por_segundo,queue_length
308495742,42.92008818382199,6.871235324144972,1.7817764165390506,7836,9.795,7.1425
308512653,31.02678192768629,0.18048867487069734,1.5746388443017656,5607,7.00875,0.54125
308512659,27.410513176328436,2.0338983050847457,1.2878881603365087,8083,10.10375,2.63
308512668,56.84929223482448,4.751703145383389,2.1287143064212204,6899,8.62375,4.9375
308512669,57.15930721458519,2.6367061356297095,2.0645855758880516,7432,9.29,4.51375
308512670,50.09127413874196,4.67719380025638,1.8345763896981704,17162,21.4525,1.86
308512701,19.696987154887555,0.2454498179927197,1.108684347373895,1923,2.40375,0.19
joinedS_308495714_4152158087,43.435337031869736,1.4707129935749486,1.7950221445948475,16031,20.03875,5.1225
joinedS_308495840_308495841,73.381223028306,4.231644502715865,2.624742461135044,21356,26.695,6.645
