semaforo_id,delay,waiting_time,stops,flujo_vehicular,flujo_por_segundo,queue_length,delay_norm,waiting_time_norm,stops_norm,flujo_vehicular_norm,flujo_por_segundo_norm,queue_length_norm,road_rage
308495742,42.92008818382199,6.871235324144972,1.7817764165390506,7836,9.795,7.1425,0.4325869717824049,1.0,0.4439751108849641,0.304276231153193,0.30427623115319297,1.0,1.0
308512653,31.02678192768629,0.18048867487069734,1.5746388443017656,5607,7.00875,0.54125,0.21104509710286556,0.0,0.3073460658918254,0.1895744352390264,0.1895744352390264,0.05052139518158936,1.0
308512659,27.410513176328436,2.0338983050847457,1.2878881603365087,8083,10.10375,2.63,0.1436832600100434,0.2770108819491891,0.11820378871759185,0.3169865692378943,0.31698656923789426,0.350952894642215,1.0
308512668,56.84929223482448,4.751703145383389,2.1287143064212204,6899,8.62375,4.9375,0.6920524149312285,0.6832144019395081,0.6728171893864674,0.2560592806051562,0.2560592806051561,0.6828478964401294,1.0
308512669,57.15930721458519,2.6367061356297095,2.0645855758880516,7432,9.29,4.51375,0.6978272010433321,0.3671066309206956,0.6305175374462964,0.28348685226161685,0.28348685226161674,0.6218985976267529,1.0
308512670,50.09127413874196,4.67719380025638,1.8345763896981704,17162,21.4525,1.86,0.5661678235584987,0.6720782240160637,0.4788022541717935,0.7841815468532908,0.7841815468532908,0.24020136641495868,1.0
308512701,19.696987154887555,0.2454498179927197,1.108684347373895,1923,2.40375,0.19,0.0,0.009709102216427297,0.0,0.0,0.0,0.0,0.8371358564503125
joinedS_308495714_4152158087,43.435337031869736,1.4707129935749486,1.7950221445948475,16031,20.03875,5.1225,0.44218473991051327,0.19283712062901054,0.4527120636017277,0.7259815777286059,0.7259815777286059,0.7094570298453793,1.0
joinedS_308495840_308495841,73.381223028306,4.231644502715865,2.624742461135044,21356,26.695,6.645,1.0,0.6054863590275958,1.0,1.0,1.0,0.928443006112909,1.0
