semaforo_id,delay,waiting_time,stops,flujo_vehicular,flujo_por_segundo,queue_length,delay_norm,waiting_time_norm,stops_norm,flujo_vehicular_norm,flujo_por_segundo_norm,queue_length_norm,road_rage
cluster_1520634082_307862705,15.423199788613815,0.5908571428571429,0.976,875,1.09375,0.24875,0.0,0.1582117991199889,0.22313203024730016,0.0,0.0,0.0,0.6677851344016955
cluster_307862891_307862894_307862896_307862898,24.40773179241551,0.3910811677895412,0.9189926211100417,6234,7.7925,1.1475,0.5331465966443023,0.08500263362335156,0.11498927113122662,1.0,1.0,1.0,1.0
cluster_3701043284_4151921021,22.041725829459658,0.15912272515165657,0.8583761082594493,4286,5.3575,0.4875,0.3927466263112588,0.0,0.0,0.6364993468930771,0.636499346893077,0.26564673157162727,0.9191865320117975
cluster_4152158088_4152159489_9467311858,32.275097672519614,2.8879610299234515,1.3855254001391788,1437,1.79625,1.1075,1.0,1.0,1.0,0.10487031162530323,0.1048703116253032,0.9554937413073713,1.0
