semaforo_id,delay,waiting_time,stops,flujo_vehicular,flujo_por_segundo,queue_length
cluster_1520634082_307862705,15.423199788613815,0.5908571428571429,0.976,875,1.09375,0.24875
cluster_307862891_307862894_307862896_307862898,24.40773179241551,0.3910811677895412,0.9189926211100417,6234,7.7925,1.1475
cluster_3701043284_4151921021,22.041725829459658,0.15912272515165657,0.8583761082594493,4286,5.3575,0.4875
cluster_4152158088_4152159489_9467311858,32.275097672519614,2.8879610299234515,1.3855254001391788,1437,1.79625,1.1075
