semaforo_id,delay,waiting_time,stops,flujo_vehicular,flujo_por_segundo,queue_length,delay_norm,waiting_time_norm,stops_norm,flujo_vehicular_norm,flujo_por_segundo_norm,queue_length_norm,road_rage
cluster_1520634082_307862705,17.16505168309687,0.20242424242424242,1.052121212121212,825,1.03125,0.13875,0.0,0.0,0.12543158705622273,0.0,0.0,0.0,0.7327354006572082
cluster_307862891_307862894_307862896_307862898,26.169414065865297,0.4162687042343203,0.9786692136262337,6282,7.8525,1.2425,0.528800325086235,0.0738411065395545,0.0,1.0,1.0,0.9671412924424971,1.0
cluster_3701043284_4151921021,23.73359407841667,0.3721296713192256,1.0022512381809996,4442,5.5525,0.75375,0.3857516175309573,0.05859977176544622,0.040270255765815874,0.6628183983873923,0.6628183983873923,0.5388828039430449,0.9968764060902914
cluster_4152158088_4152159489_9467311858,34.19295797513636,3.098432601880878,1.5642633228840126,1595,1.99375,1.28,1.0,1.0,1.0,0.14110317024005864,0.14110317024005864,1.0,1.0
