semaforo_id,delay,waiting_time,stops,flujo_vehicular,flujo_por_segundo,queue_length
cluster_1520634082_307862705,17.16505168309687,0.20242424242424242,1.052121212121212,825,1.03125,0.13875
cluster_307862891_307862894_307862896_307862898,26.169414065865297,0.4162687042343203,0.9786692136262337,6282,7.8525,1.2425
cluster_3701043284_4151921021,23.73359407841667,0.3721296713192256,1.0022512381809996,4442,5.5525,0.75375
cluster_4152158088_4152159489_9467311858,34.19295797513636,3.098432601880878,1.5642633228840126,1595,1.99375,1.28
