semaforo_id,delay,waiting_time,stops,flujo_vehicular,flujo_por_segundo,queue_length,delay_norm,waiting_time_norm,stops_norm,flujo_vehicular_norm,flujo_por_segundo_norm,queue_length_norm,road_rage
cluster_1520634082_307862705,15.057195778752442,0.269183922046285,0.9390986601705238,821,1.02625,0.1675,0.0,0.0,0.0370987613581013,0.0,0.0,0.0,0.6452354559978443
cluster_307862891_307862894_307862896_307862898,25.19351545280594,0.32886011998736975,0.9692137669718977,6334,7.9175,1.1175,0.6653072596648988,0.02190611107307238,0.11044784804713306,1.0,1.0,0.9302325581395349,1.0
cluster_3701043284_4151921021,22.496776536333044,0.3002902433578924,0.9238669345836125,4479,5.59875,0.6875,0.48830416226428286,0.011418598255865425,0.0,0.6635225829856702,0.6635225829856701,0.5091799265605875,0.9428315437038242
cluster_4152158088_4152159489_9467311858,30.292742252661277,2.993364299933643,1.3344392833443928,1507,1.88375,1.18875,1.0,1.0,1.0,0.12443315799020498,0.12443315799020495,1.0,1.0
