semaforo_id,delay,waiting_time,stops,flujo_vehicular,flujo_por_segundo,queue_length
cluster_1520634082_307862705,15.057195778752442,0.269183922046285,0.9390986601705238,821,1.02625,0.1675
cluster_307862891_307862894_307862896_307862898,25.19351545280594,0.32886011998736975,0.9692137669718977,6334,7.9175,1.1175
cluster_3701043284_4151921021,22.496776536333044,0.3002902433578924,0.9238669345836125,4479,5.59875,0.6875
cluster_4152158088_4152159489_9467311858,30.292742252661277,2.993364299933643,1.3344392833443928,1507,1.88375,1.18875
