semaforo_id,delay,waiting_time,stops,flujo_vehicular,flujo_por_segundo,queue_length
308495742,51.044397689924196,13.415696372592924,1.8570309001343484,8932,11.165,10.71875
308512653,43.35276845190858,0.8693947946064597,2.1175917215428033,6378,7.9725,2.2325
308512659,28.563238923921798,1.6405280528052806,1.2891089108910891,7575,9.46875,1.79875
308512668,55.714059817554045,2.198971125124461,2.087454364420843,6026,7.5325,3.0775
308512669,51.880373493278796,1.774857142857143,1.953857142857143,7000,8.75,3.66875
308512670,54.25027293645254,5.2885033688789855,1.8986153111570905,18849,23.56125,7.045
308512701,24.37796205433444,0.20786815523657629,1.268474215842637,1881,2.35125,0.11
joinedS_308495714_4152158087,44.45021126391725,1.1375800980022617,1.7935670310340495,15918,19.8975,5.005
joinedS_308495840_308495841,78.8849765751896,5.299052650756058,2.5423118965203133,21956,27.445,6.70875
