semaforo_id,delay,waiting_time,stops,flujo_vehicular,flujo_por_segundo,queue_length,delay_norm,waiting_time_norm,stops_norm,flujo_vehicular_norm,flujo_por_segundo_norm,queue_length_norm,road_rage
308495742,51.044397689924196,13.415696372592924,1.8570309001343484,8932,11.165,10.71875,0.489229429826629,1.0,0.46203428680065556,0.3512328767123288,0.3512328767123287,1.0,1.0
308512653,43.35276845190858,0.8693947946064597,2.1175917215428033,6378,7.9725,2.2325,0.348116780278144,0.05008595118617414,0.6665821859253208,0.22400996264009962,0.22400996264009962,0.2000706963591375,1.0
308512659,28.563238923921798,1.6405280528052806,1.2891089108910891,7575,9.46875,1.79875,0.07678418835406978,0.10847051263780463,0.016198841784515746,0.28363636363636363,0.28363636363636363,0.1591846353246141,1.0
308512668,55.714059817554045,2.198971125124461,2.087454364420843,6026,7.5325,3.0775,0.5749002773070605,0.15075173125521008,0.6429234752598243,0.20647571606475715,0.20647571606475718,0.2797219276540592,1.0
308512669,51.880373493278796,1.774857142857143,1.953857142857143,7000,8.75,3.66875,0.5045664614124398,0.11864092732228253,0.5380457317370964,0.2549937733499377,0.2549937733499377,0.33545422410745845,1.0
308512670,54.25027293645254,5.2885033688789855,1.8986153111570905,18849,23.56125,7.045,0.5480452588480796,0.38466848069434834,0.49467927105062637,0.8452303860523038,0.8452303860523039,0.6537056674914574,1.0
308512701,24.37796205433444,0.20786815523657629,1.268474215842637,1881,2.35125,0.11,0.0,0.0,0.0,0.0,0.0,0.0,1.0
joinedS_308495714_4152158087,44.45021126391725,1.1375800980022617,1.7935670310340495,15918,19.8975,5.005,0.3682507542566449,0.0703909777948168,0.4122132852217602,0.6992278953922789,0.699227895392279,0.4614115706374454,1.0
joinedS_308495840_308495841,78.8849765751896,5.299052650756058,2.5423118965203133,21956,27.445,6.70875,1.0,0.3854671950403761,1.0,1.0,1.0,0.6220101331448097,1.0
