semaforo_id,delay,waiting_time,stops,flujo_vehicular,flujo_por_segundo,queue_length,delay_norm,waiting_time_norm,stops_norm,flujo_vehicular_norm,flujo_por_segundo_norm,queue_length_norm,road_rage
cluster_1520634082_307862705,15.809358740516009,0.25272067714631197,0.9879081015719468,827,1.03375,0.1625,0.0,0.0,0.1524617504888273,0.0,0.0,0.0,0.6769450872264445
cluster_307862891_307862894_307862896_307862898,25.018940106511053,0.4118855697803066,0.9724988146040777,6327,7.90875,1.2175,0.5001495972856964,0.0585743921630349,0.1237641322151157,1.0,1.0,0.9623717217787914,1.0
cluster_3701043284_4151921021,22.705868298715785,0.3553153947948831,0.906043228936921,4534,5.6675,0.7075,0.3745323854726482,0.03775595940759453,0.0,0.674,0.6740000000000002,0.4971493728620297,0.9515827690020058
cluster_4152158088_4152159489_9467311858,34.22301220734931,2.9700325732899024,1.4429967426710097,1535,1.91875,1.25875,1.0,1.0,1.0,0.12872727272727272,0.12872727272727272,1.0,1.0
