semaforo_id,delay,waiting_time,stops,flujo_vehicular,flujo_por_segundo,queue_length,delay_norm,waiting_time_norm,stops_norm,flujo_vehicular_norm,flujo_por_segundo_norm,queue_length_norm,road_rage
cluster_1520634082_307862705,13.828147651460442,0.7913043478260869,0.6608695652173913,115,0.575,0.195,0.0,0.27462844262556285,0.0,0.0,0.0,0.0,0.5953867756236352
cluster_307862891_307862894_307862896_307862898,18.784271065277007,0.35780470420527444,0.6885245901639344,1403,7.015,1.03,0.3713590948039529,0.0953196470294618,0.04747507836767358,1.0,1.0,1.0,0.7860679203017432
cluster_3701043284_4151921021,15.920250741904326,0.12735849056603774,0.6957547169811321,848,4.24,0.265,0.1567599200088338,0.0,0.059886957869434265,0.5690993788819876,0.5690993788819876,0.08383233532934133,0.6671873881667391
cluster_4152158088_4152159489_9467311858,27.174053226852344,2.544973544973545,1.2433862433862435,189,0.945,0.52,1.0,1.0,1.0,0.05745341614906832,0.05745341614906833,0.38922155688622756,1.0
