semaforo_id,delay,waiting_time,stops,flujo_vehicular,flujo_por_segundo,queue_length
cluster_1520634082_307862705,16.873957632577834,0.7040094339622641,0.9740566037735849,848,1.06,0.26875
cluster_307862891_307862894_307862896_307862898,25.540281133183438,0.4350282485875706,0.9634337727558067,6372,7.965,1.2975
cluster_3701043284_4151921021,22.577605631403436,0.3444890673806337,0.9239178937974118,4482,5.6025,0.82625
cluster_4152158088_4152159489_9467311858,36.501336633045696,3.2114743162108073,1.5677118078719146,1499,1.87375,1.27875
