semaforo_id,delay,waiting_time,stops,flujo_vehicular,flujo_por_segundo,queue_length,delay_norm,waiting_time_norm,stops_norm,flujo_vehicular_norm,flujo_por_segundo_norm,queue_length_norm,road_rage
cluster_1520634082_307862705,17.044677610185477,0.7396184062850729,1.0931537598204264,891,1.11375,0.27375,0.0,0.14360380420957966,0.2864651451377952,0.0,0.0,0.0,0.7403056229259376
cluster_307862891_307862894_307862896_307862898,26.415407907289403,0.4383239171374765,1.029817953546767,6372,7.965,1.11875,0.5608061795895323,0.0568859690846605,0.17987404394778697,1.0,1.0,0.775229357798165,1.0
cluster_3701043284_4151921021,23.050565341330636,0.24067796610169492,0.9229378531073447,4425,5.53125,0.60125,0.35943185288217094,0.0,0.0,0.6447728516694033,0.6447728516694035,0.3004587155963302,0.9637536870995531
cluster_4152158088_4152159489_9467311858,33.754069621455024,3.7151015228426396,1.5171319796954315,1576,1.97,1.36375,1.0,1.0,1.0,0.12497719394271119,0.12497719394271117,1.0,1.0
