semaforo_id,delay,waiting_time,stops,flujo_vehicular,flujo_por_segundo,queue_length
cluster_1520634082_307862705,12.274985508769232,0.3813559322033898,0.652542372881356,118,0.59,0.135
cluster_307862891_307862894_307862896_307862898,19.856429286476477,0.47928176795580113,0.6837016574585635,1448,7.24,1.285
cluster_3701043284_4151921021,16.402879337784135,0.17192982456140352,0.7450292397660818,855,4.275,0.36
cluster_4152158088_4152159489_9467311858,25.798643885056734,2.6157894736842104,1.231578947368421,190,0.95,0.53
