semaforo_id,delay,waiting_time,stops,flujo_vehicular,flujo_por_segundo,queue_length
cluster_1520634082_307862705,17.044677610185477,0.7396184062850729,1.0931537598204264,891,1.11375,0.27375
cluster_307862891_307862894_307862896_307862898,26.415407907289403,0.4383239171374765,1.029817953546767,6372,7.965,1.11875
cluster_3701043284_4151921021,23.050565341330636,0.24067796610169492,0.9229378531073447,4425,5.53125,0.60125
cluster_4152158088_4152159489_9467311858,33.754069621455024,3.7151015228426396,1.5171319796954315,1576,1.97,1.36375
