semaforo_id,delay,waiting_time,stops,flujo_vehicular,flujo_por_segundo,queue_length,delay_norm,waiting_time_norm,stops_norm,flujo_vehicular_norm,flujo_por_segundo_norm,queue_length_norm,road_rage
cluster_1520634082_307862705,12.274985508769232,0.3813559322033898,0.652542372881356,118,0.59,0.135,0.0,0.08569481791524207,0.0,0.0,0.0,0.0,0.5247282339100914
cluster_307862891_307862894_307862896_307862898,19.856429286476477,0.47928176795580113,0.6837016574585635,1448,7.24,1.285,0.5606059815146331,0.12576497324824598,0.0538122908812966,1.0,1.0,1.0,0.8311908731165176
cluster_3701043284_4151921021,16.402879337784135,0.17192982456140352,0.7450292397660818,855,4.275,0.36,0.30523499737709936,0.0,0.15972543179445028,0.5541353383458647,0.5541353383458647,0.1956521739130435,0.6893549395932368
cluster_4152158088_4152159489_9467311858,25.798643885056734,2.6157894736842104,1.231578947368421,190,0.95,0.53,1.0,1.0,1.0,0.05413533834586466,0.054135338345864654,0.34347826086956523,1.0
