semaforo_id,delay,waiting_time,stops,flujo_vehicular,flujo_por_segundo,queue_length
cluster_1520634082_307862705,18.10525553930163,0.6095661846496107,1.1345939933259177,899,1.12375,0.28625
cluster_307862891_307862894_307862896_307862898,25.39380610955035,0.39728834936150087,1.0063061642755793,6343,7.92875,1.28375
cluster_3701043284_4151921021,22.985052378936285,0.2418946884341228,0.9004368820418487,4349,5.43625,0.6125
cluster_4152158088_4152159489_9467311858,34.13326768216755,3.2932379713914175,1.5897269180754225,1538,1.9225,1.2375
