semaforo_id,delay,waiting_time,stops,flujo_vehicular,flujo_por_segundo,queue_length,delay_norm,waiting_time_norm,stops_norm,flujo_vehicular_norm,flujo_por_segundo_norm,queue_length_norm,road_rage
cluster_1520634082_307862705,18.10525553930163,0.6095661846496107,1.1345939933259177,899,1.12375,0.28625,0.0,0.12049496307709724,0.339707668823264,0.0,0.0,0.0,0.7817853049980943
cluster_307862891_307862894_307862896_307862898,25.39380610955035,0.39728834936150087,1.0063061642755793,6343,7.92875,1.28375,0.4547382735477188,0.05092631228852559,0.15359177806042437,1.0,1.0,1.0,1.0
cluster_3701043284_4151921021,22.985052378936285,0.2418946884341228,0.9004368820418487,4349,5.43625,0.6125,0.30445427643419,0.0,0.0,0.6337252020573108,0.6337252020573109,0.3270676691729324,0.9602574642078079
cluster_4152158088_4152159489_9467311858,34.13326768216755,3.2932379713914175,1.5897269180754225,1538,1.9225,1.2375,1.0,1.0,1.0,0.11737692872887583,0.11737692872887584,0.9536340852130327,1.0
