semaforo_id,delay,waiting_time,stops,flujo_vehicular,flujo_por_segundo,queue_length
cluster_1520634082_307862705,19.13304691701923,0.7226519337016575,1.1337016574585634,905,1.13125,0.3075
cluster_307862891_307862894_307862896_307862898,25.81048482377929,0.47359183022179674,0.9735120472315303,6267,7.83375,1.32125
cluster_3701043284_4151921021,22.06839533506743,0.19818423383525244,0.8886182462356067,4516,5.645,0.51875
cluster_4152158088_4152159489_9467311858,35.94270138876832,3.278064516129032,1.575483870967742,1550,1.9375,1.3425
