semaforo_id,delay,waiting_time,stops,flujo_vehicular,flujo_por_segundo,queue_length,delay_norm,waiting_time_norm,stops_norm,flujo_vehicular_norm,flujo_por_segundo_norm,queue_length_norm,road_rage
cluster_1520634082_307862705,19.13304691701923,0.7226519337016575,1.1337016574585634,905,1.13125,0.3075,0.0,0.17028833973890736,0.35681420411530235,0.0,0.0,0.0,0.8251229816531449
cluster_307862891_307862894_307862896_307862898,25.81048482377929,0.47359183022179674,0.9735120472315303,6267,7.83375,1.32125,0.3972382607853364,0.08942152653460642,0.12359593774842144,1.0,1.0,0.9794685990338162,1.0
cluster_3701043284_4151921021,22.06839533506743,0.19818423383525244,0.8886182462356067,4516,5.645,0.51875,0.1746227694912737,0.0,0.0,0.6734427452443118,0.6734427452443118,0.20410628019323673,0.9222442279288264
cluster_4152158088_4152159489_9467311858,35.94270138876832,3.278064516129032,1.575483870967742,1550,1.9375,1.3425,1.0,1.0,1.0,0.12029093621782917,0.12029093621782914,1.0,1.0
