semaforo_id,delay,waiting_time,stops,flujo_vehicular,flujo_por_segundo,queue_length,delay_norm,waiting_time_norm,stops_norm,flujo_vehicular_norm,flujo_por_segundo_norm,queue_length_norm,road_rage
cluster_1520634082_307862705,17.2352932798124,0.4576470588235294,1.036470588235294,850,1.0625,0.20875,0.0,0.07540762083611302,0.21686516667358535,0.0,0.0,0.0,0.7400234958983785
cluster_307862891_307862894_307862896_307862898,25.29207165952774,0.3499515972894482,1.0027428202646014,6198,7.7475,1.0875,0.5069133168344573,0.03317644562590368,0.161685633788576,1.0,1.0,0.9525745257452573,1.0
cluster_3701043284_4151921021,21.91500691685409,0.265346975088968,0.9039145907473309,4496,5.62,0.61125,0.29443644218398607,0.0,0.0,0.681750186985789,0.6817501869857892,0.43631436314363137,0.9180637998058363
cluster_4152158088_4152159489_9467311858,33.12909230254836,2.8154882154882155,1.5151515151515151,1485,1.85625,1.13125,1.0,1.0,1.0,0.118735976065819,0.118735976065819,1.0,1.0
