generacion,max,mean,min
1,0.263581,0.255663875,0.248508
2,0.261274,0.25414175,0.246349
