generacion,max,mean,min
1,0.066094,0.0630893,0.060683
2,0.066968,0.0637747,0.060619
3,0.065866,0.0640177,0.061517
4,0.066434,0.0632631,0.06077
5,0.065888,0.06296149999999999,0.061036
6,0.064388,0.0631743,0.061525
7,0.064801,0.0628344,0.060903
8,0.064084,0.062995,0.061518
