semaforo_id,delay,waiting_time,stops,flujo_vehicular,flujo_por_segundo,queue_length
308495742,49.073092313932456,16.117614998909964,1.6384347067800304,9174,11.4675,11.76875
308512653,40.518751790353576,0.6069642857142857,1.9392857142857143,5600,7.0,1.39375
308512659,24.051754320873613,0.8068765643525228,1.2676854169411145,7591,9.48875,1.29875
308512668,42.288735867045574,1.599364367171434,1.6862965040194429,5349,6.68625,2.075
308512669,48.11382991505117,2.113812490502963,1.7933444765233246,6581,8.22625,4.1675
308512670,47.40454957295743,4.455838000861697,1.7713808703145195,18568,23.21,5.5875
308512701,28.237875554033298,0.09859154929577464,1.191765980498375,1846,2.3075,0.0825
joinedS_308495714_4152158087,50.06676949618411,1.4074910596649728,1.94824016563147,15939,19.92375,5.805
joinedS_308495840_308495841,88.55139124204726,7.873052407932011,2.622565509915014,22592,28.24,8.0275
