semaforo_id,delay,waiting_time,stops,flujo_vehicular,flujo_por_segundo,queue_length
cluster_1520634082_307862705,15.213357184498292,0.22330097087378642,0.9453883495145631,824,1.03,0.1325
cluster_307862891_307862894_307862896_307862898,25.084474952776446,0.32,0.9415139442231075,6275,7.84375,0.94375
cluster_3701043284_4151921021,22.326498748704214,0.2704881325570981,0.9200626959247649,4466,5.5825,0.65375
cluster_4152158088_4152159489_9467311858,31.874648331502097,2.952156334231806,1.3349056603773586,1484,1.855,1.21375
