semaforo_id,delay,waiting_time,stops,flujo_vehicular,flujo_por_segundo,queue_length,delay_norm,waiting_time_norm,stops_norm,flujo_vehicular_norm,flujo_por_segundo_norm,queue_length_norm,road_rage
cluster_1520634082_307862705,15.213357184498292,0.22330097087378642,0.9453883495145631,824,1.03,0.1325,0.0,0.0,0.061048772089498236,0.0,0.0,0.0,0.65081584077799
cluster_307862891_307862894_307862896_307862898,25.084474952776446,0.32,0.9415139442231075,6275,7.84375,0.94375,0.5924581523235235,0.035435747319058956,0.051709321686698166,1.0,1.0,0.7502890173410405,1.0
cluster_3701043284_4151921021,22.326498748704214,0.2704881325570981,0.9200626959247649,4466,5.5825,0.65375,0.4269261908603689,0.01729192478169493,0.0,0.6681342872867364,0.6681342872867363,0.4820809248554913,0.9352722204363012
cluster_4152158088_4152159489_9467311858,31.874648331502097,2.952156334231806,1.3349056603773586,1484,1.855,1.21375,1.0,1.0,1.0,0.12107870115575124,0.12107870115575124,1.0,1.0
