semaforo_id,delay,waiting_time,stops,flujo_vehicular,flujo_por_segundo,queue_length,delay_norm,waiting_time_norm,stops_norm,flujo_vehicular_norm,flujo_por_segundo_norm,queue_length_norm,road_rage
308495742,48.27537454708784,10.163947990543734,1.8397163120567377,8460,10.575,9.0875,0.45743086663647375,1.0,0.5714117690577777,0.3479585938731543,0.3479585938731543,1.0,1.0
308512653,37.01377094505915,0.4294654939106901,1.7489851150202977,5912,7.39,1.25,0.23250587844177326,0.03371928248099055,0.49034065024515855,0.21407177762597868,0.21407177762597865,0.1298917568692756,1.0
308512659,30.425201550921674,2.0888007690459025,1.3834414804133621,8322,10.4025,2.67125,0.10091414909610727,0.1984310358604674,0.16371615502866405,0.3407072670905365,0.3407072670905365,0.287676935886761,1.0
308512668,56.063826124745894,2.1861267477755586,2.0361358271291086,5507,6.88375,2.64125,0.6129875210053203,0.20809197228853737,0.7469186549324757,0.19279070989438285,0.19279070989438282,0.284346378018318,1.0
308512669,53.632307540714166,2.2508025122121422,1.9306350314026517,7165,8.95625,4.40125,0.5644234525000135,0.21451192774970218,0.652650444829061,0.2799117229782986,0.27991172297829864,0.4797391063003053,1.0
308512670,50.03789181557286,2.57276055371239,1.8390344354192885,17482,21.8525,6.9175,0.4926331513036001,0.24647067311284585,0.5708024912823727,0.8220272187483579,0.8220272187483579,0.759089647515959,1.0
308512701,25.372605331720635,0.0897714907508161,1.2002176278563657,1838,2.2975,0.08,0.0,0.0,0.0,0.0,0.0,0.0,1.0
joinedS_308495714_4152158087,49.77115901402934,2.313152033759231,1.9290821709061072,17062,21.3275,6.7725,0.48730576860052666,0.22070097174236702,0.6512629161517504,0.7999579633229993,0.7999579633229994,0.7429919511518179,1.0
joinedS_308495840_308495841,75.4408689444784,5.77646269586468,2.319373233025061,20869,26.08625,7.245,1.0,0.5644819906848723,1.0,1.0,1.0,0.7954482375797945,1.0
