semaforo_id,delay,waiting_time,stops,flujo_vehicular,flujo_por_segundo,queue_length,delay_norm,waiting_time_norm,stops_norm,flujo_vehicular_norm,flujo_por_segundo_norm,queue_length_norm,road_rage
308495742,24.737336308788343,7.746763754045308,1.301779935275081,1236,6.18,6.325,0.6140626787596117,1.0,0.6609494276161897,0.38045540796963945,0.3804554079696394,1.0,1.0
308512653,16.249818330223505,0.47880870561282934,1.1168384879725086,873,4.365,0.385,0.27119570895440126,0.05108246132112158,0.29751907928142896,0.20825426944971537,0.20825426944971537,0.03099510603588907,0.7042424468400972
308512659,24.987741161861393,2.152428810720268,1.1901172529313233,1194,5.97,1.61,0.6241781864279906,0.2695933712316826,0.44151993719054006,0.3605313092979127,0.36053130929791266,0.2308319738988581,1.0
308512668,32.84330301580744,5.137842465753424,1.4743150684931507,1168,5.84,3.825,0.9415162699268506,0.659374452511673,1.0,0.34819734345351044,0.3481973434535104,0.5921696574225123,1.0
308512669,34.291041509636095,3.2067474048442905,1.4688581314878892,1156,5.78,2.515,1.0,0.4072471402289631,0.9892765167268406,0.3425047438330171,0.3425047438330171,0.3784665579119087,1.0
308512670,20.24916986203141,0.5917797286512371,1.011173184357542,2506,12.53,0.81,0.43275596065105426,0.06583216524874305,0.08987509974201156,0.9829222011385199,0.9829222011385198,0.100326264274062,0.8622493164285827
308512701,9.536490252083452,0.08755760368663594,0.9654377880184332,434,2.17,0.195,0.0,0.0,0.0,0.0,0.0,0.0,0.4218282736778081
joinedS_308495714_4152158087,20.53571531793341,0.8586206896551725,1.1620689655172414,1740,8.7,1.94,0.4443314262258776,0.10067141043493504,0.3864019578853597,0.6195445920303605,0.6195445920303604,0.28466557911908646,0.8850837851311294
joinedS_308495840_308495841,25.576163191803886,1.1011014948859166,1.3965381589299763,2542,12.71,3.63,0.6479484428071266,0.1323301490131347,0.8471597916680059,1.0,1.0,0.5603588907014682,1.0
