semaforo_id,delay,waiting_time,stops,flujo_vehicular,flujo_por_segundo,queue_length
308495742,24.737336308788343,7.746763754045308,1.301779935275081,1236,6.18,6.325
308512653,16.249818330223505,0.47880870561282934,1.1168384879725086,873,4.365,0.385
308512659,24.987741161861393,2.152428810720268,1.1901172529313233,1194,5.97,1.61
308512668,32.84330301580744,5.137842465753424,1.4743150684931507,1168,5.84,3.825
308512669,34.291041509636095,3.2067474048442905,1.4688581314878892,1156,5.78,2.515
308512670,20.24916986203141,0.5917797286512371,1.011173184357542,2506,12.53,0.81
308512701,9.536490252083452,0.08755760368663594,0.9654377880184332,434,2.17,0.195
joinedS_308495714_4152158087,20.53571531793341,0.8586206896551725,1.1620689655172414,1740,8.7,1.94
joinedS_308495840_308495841,25.576163191803886,1.1011014948859166,1.3965381589299763,2542,12.71,3.63
