semaforo_id,delay,waiting_time,stops,flujo_vehicular,flujo_por_segundo,queue_length
308495742,27.033091168039874,9.382679496669134,1.2109548482605477,1351,6.755,4.98
308512653,18.886517641147258,0.7984322508398656,1.2967525195968646,893,4.465,0.705
308512659,25.09035183128372,2.333611342785655,1.2785654712260217,1199,5.995,1.875
308512668,20.2328020541207,0.8812301166489925,1.2810180275715801,943,4.715,1.215
308512669,32.06954491191374,3.0784982935153584,1.5938566552901023,1172,5.86,3.175
308512670,21.107842339238957,0.5588117221999197,0.967482938578884,2491,12.455,1.42
308512701,10.835736927489918,1.8132118451025057,0.9567198177676538,439,2.195,0.4
joinedS_308495714_4152158087,22.398838022556916,0.7074756229685807,1.2670639219934994,1846,9.23,1.92
joinedS_308495840_308495841,22.215887510492802,0.4506099960645415,1.2286501377410468,2541,12.705,2.39
