semaforo_id,delay,waiting_time,stops,flujo_vehicular,flujo_por_segundo,queue_length
cluster_1520634082_307862705,14.222814147353285,0.8974358974358975,0.6666666666666666,117,0.585,0.21
cluster_307862891_307862894_307862896_307862898,19.24314685891218,0.4442916093535076,0.7166437414030261,1454,7.27,1.2
cluster_3701043284_4151921021,16.29468233514213,0.0855421686746988,0.6867469879518072,830,4.15,0.2
cluster_4152158088_4152159489_9467311858,24.80252448593274,2.704761904761905,1.2142857142857142,210,1.05,0.67
