semaforo_id,delay,waiting_time,stops,flujo_vehicular,flujo_por_segundo,queue_length,delay_norm,waiting_time_norm,stops_norm,flujo_vehicular_norm,flujo_por_segundo_norm,queue_length_norm,road_rage
cluster_1520634082_307862705,14.222814147353285,0.8974358974358975,0.6666666666666666,117,0.585,0.21,0.0,0.3099754165620593,0.0,0.0,0.0,0.009999999999999981,0.613527950509516
cluster_307862891_307862894_307862896_307862898,19.24314685891218,0.4442916093535076,0.7166437414030261,1454,7.27,1.2,0.4745245900780473,0.13696805798154857,0.0912624843011782,1.0,1.0,1.0,0.8072774561996784
cluster_3701043284_4151921021,16.29468233514213,0.0855421686746988,0.6867469879518072,830,4.15,0.2,0.19583411279547727,0.0,0.036668412781561084,0.5332834704562454,0.5332834704562455,0.0,0.6809680162972516
cluster_4152158088_4152159489_9467311858,24.80252448593274,2.704761904761905,1.2142857142857142,210,1.05,0.67,1.0,1.0,1.0,0.06955871353777113,0.06955871353777114,0.47000000000000003,1.0
