semaforo_id,delay,waiting_time,stops,flujo_vehicular,flujo_por_segundo,queue_length,delay_norm,waiting_time_norm,stops_norm,flujo_vehicular_norm,flujo_por_segundo_norm,queue_length_norm,road_rage
cluster_1520634082_307862705,17.27425434640595,0.5576923076923077,1.1515837104072397,884,1.105,0.2375,0.0,0.08990355363106992,0.4427769803753375,0.0,0.0,0.0,0.7481873684263738
cluster_307862891_307862894_307862896_307862898,25.300178423745745,0.3888448740294724,0.9659324988115988,6311,7.88875,1.10125,0.5071310829222155,0.02754704747380046,0.1441480497008065,1.0,1.0,0.8858974358974361,1.0
cluster_3701043284_4151921021,22.46994528786109,0.31425364758698093,0.8763187429854097,4455,5.56875,0.72375,0.3282981932396539,0.0,0.0,0.6580062649714391,0.658006264971439,0.4987179487179488,0.9401356341855998
cluster_4152158088_4152159489_9467311858,33.10038756445368,3.0220293724966623,1.4979973297730307,1498,1.8725,1.2125,1.0,1.0,1.0,0.11313801363552607,0.11313801363552609,1.0,1.0
