semaforo_id,delay,waiting_time,stops,flujo_vehicular,flujo_por_segundo,queue_length
cluster_1520634082_307862705,17.27425434640595,0.5576923076923077,1.1515837104072397,884,1.105,0.2375
cluster_307862891_307862894_307862896_307862898,25.300178423745745,0.3888448740294724,0.9659324988115988,6311,7.88875,1.10125
cluster_3701043284_4151921021,22.46994528786109,0.31425364758698093,0.8763187429854097,4455,5.56875,0.72375
cluster_4152158088_4152159489_9467311858,33.10038756445368,3.0220293724966623,1.4979973297730307,1498,1.8725,1.2125
