semaforo_id,delay,waiting_time,stops,flujo_vehicular,flujo_por_segundo,queue_length,delay_norm,waiting_time_norm,stops_norm,flujo_vehicular_norm,flujo_por_segundo_norm,queue_length_norm,road_rage
cluster_1520634082_307862705,16.2726172394014,0.5751479289940828,0.9337278106508876,845,1.05625,0.21125,0.0,0.09089727819446466,0.059054380615688025,0.0,0.0,0.0,0.6997567605819731
cluster_307862891_307862894_307862896_307862898,25.987971741756493,0.42483763662284174,0.9646760652621574,6313,7.89125,1.2,0.5013102531203001,0.03958467772878602,0.115690711450568,1.0,1.0,0.9060710194730813,1.0
cluster_3701043284_4151921021,22.71066576131369,0.308882015024304,0.901458241272647,4526,5.6575,0.76,0.33220195241854106,0.0,0.0,0.6731894659839064,0.6731894659839063,0.5028636884306987,0.9506626004039396
cluster_4152158088_4152159489_9467311858,35.65254103286845,3.238187702265372,1.4478964401294498,1545,1.93125,1.3025,1.0,1.0,1.0,0.12801755669348938,0.12801755669348938,1.0,1.0
