semaforo_id,delay,waiting_time,stops,flujo_vehicular,flujo_por_segundo,queue_length
cluster_1520634082_307862705,16.2726172394014,0.5751479289940828,0.9337278106508876,845,1.05625,0.21125
cluster_307862891_307862894_307862896_307862898,25.987971741756493,0.42483763662284174,0.9646760652621574,6313,7.89125,1.2
cluster_3701043284_4151921021,22.71066576131369,0.308882015024304,0.901458241272647,4526,5.6575,0.76
cluster_4152158088_4152159489_9467311858,35.65254103286845,3.238187702265372,1.4478964401294498,1545,1.93125,1.3025
