semaforo_id,delay,waiting_time,stops,flujo_vehicular,flujo_por_segundo,queue_length
308495742,24.75999536716316,8.606646058732611,1.330757341576507,1294,6.47,6.47
308512653,22.376974322796773,1.1595289079229123,1.2366167023554604,934,4.67,1.235
308512659,24.15662352912647,1.1487263763352507,1.2399342645850453,1217,6.085,1.27
308512668,14.291917723164918,0.1668806161745828,0.9730423620025674,779,3.895,0.225
308512669,27.54531707620814,2.4488330341113107,1.3806104129263914,1114,5.57,2.39
308512670,20.573621761001935,0.1898682042833608,1.0045304777594728,2428,12.14,0.64
308512701,12.55870099281328,0.6361746361746362,1.0124740124740124,481,2.405,0.67
joinedS_308495714_4152158087,24.711252560746193,0.8390616475722859,1.253682487725041,1833,9.165,2.3
joinedS_308495840_308495841,25.82869762335022,1.281954887218045,1.3917293233082706,2660,13.3,3.675
