semaforo_id,delay,waiting_time,stops,flujo_vehicular,flujo_por_segundo,queue_length,delay_norm,waiting_time_norm,stops_norm,flujo_vehicular_norm,flujo_por_segundo_norm,queue_length_norm,road_rage
308495742,52.570395399045516,14.172123368920522,1.8309608540925266,8430,10.5375,8.7125,0.6154195116818062,1.0,0.6759867906013216,0.3468069590582352,0.3468069590582352,1.0,1.0
308512653,42.98383037575207,0.45577648268769283,1.8789852588275626,5834,7.2925,1.1875,0.4058303121901096,0.0008072322802029065,0.7283736272552452,0.21158454005625585,0.2115845400562559,0.11235623709820111,1.0
308512659,24.421238955634077,0.5547324051603014,1.2112658066164261,7829,9.78625,0.99,0.0,0.008015860268236212,0.0,0.3155016147515366,0.31550161475153665,0.08905927455028015,1.0
308512668,57.13747335653553,2.869745884609238,2.1077193543231583,6257,7.82125,3.625,0.7152686454226899,0.1766573174306339,0.9778854278495966,0.23361808521721011,0.23361808521721014,0.39988204069595984,1.0
308512669,57.54297932899806,4.184541563999481,2.05239268577357,7711,9.63875,6.23125,0.7241341433305447,0.27243605099376433,0.917533005702893,0.3093551411605376,0.3093551411605376,0.7073134768504865,1.0
308512670,45.59867723228,3.5565312213039486,1.6924357208448118,17424,21.78,6.1475,0.4629981985103328,0.2266874710198621,0.5248783371400172,0.8152932597145536,0.8152932597145537,0.6974343851371275,1.0
308512701,24.486347080453967,0.44469525959367945,1.255079006772009,1772,2.215,0.235,0.0014234462216914214,0.0,0.047793095458436796,0.0,0.0,0.0,1.0
joinedS_308495714_4152158087,47.673339608646884,1.5244940054144644,1.8785612994714451,15514,19.3925,5.02375,0.5083561370025595,0.07865994541884623,0.7279111563582218,0.715803729555162,0.7158037295551619,0.5648776172220582,1.0
joinedS_308495840_308495841,70.161024433813,7.482164997615642,2.1279923700524557,20970,26.2125,7.50875,1.0,0.5126575555140214,1.0,1.0,1.0,0.8580064877617221,1.0
