semaforo_id,delay,waiting_time,stops,flujo_vehicular,flujo_por_segundo,queue_length,delay_norm,waiting_time_norm,stops_norm,flujo_vehicular_norm,flujo_por_segundo_norm,queue_length_norm,road_rage
308495742,24.75999536716316,8.606646058732611,1.330757341576507,1294,6.47,6.47,0.81414605581769,1.0,0.8543733448454703,0.3731069297843047,0.37310692978430465,1.0,1.0
308512653,22.376974322796773,1.1595289079229123,1.2366167023554604,934,4.67,1.235,0.6551361078010213,0.11761562551760506,0.6295260294968795,0.20789352914180817,0.20789352914180814,0.16172938350680544,0.9677342191645476
308512659,24.15662352912647,1.1487263763352507,1.2399342645850453,1217,6.085,1.27,0.7738853435475448,0.1163356691418995,0.6374497590040963,0.3377696190913263,0.33776961909132625,0.16733386709367493,1.0
308512668,14.291917723164918,0.1668806161745828,0.9730423620025674,779,3.895,0.225,0.11565097288853875,0.0,0.0,0.1367599816429555,0.1367599816429555,0.0,0.6139360157301911
308512669,27.54531707620814,2.4488330341113107,1.3806104129263914,1114,5.57,2.39,1.0,0.2703810234381449,0.9734433803546112,0.2905002294630564,0.2905002294630565,0.3466773418734988,1.0
308512670,20.573621761001935,0.1898682042833608,1.0045304777594728,2428,12.14,0.64,0.534805237125489,0.002723723575641295,0.07520682196242169,0.8935291418081689,0.8935291418081689,0.06645316253002402,0.8669234536361237
308512701,12.55870099281328,0.6361746361746362,1.0124740124740124,481,2.405,0.67,0.0,0.055605102202676136,0.09417931322359478,0.0,0.0,0.0712570056044836,0.5555704929349845
joinedS_308495714_4152158087,24.711252560746193,0.8390616475722859,1.253682487725041,1833,9.165,2.3,0.8108936333798472,0.07964451571227198,0.6702862798671319,0.6204681046351538,0.6204681046351537,0.33226581265012006,1.0
joinedS_308495840_308495841,25.82869762335022,1.281954887218045,1.3917293233082706,2660,13.3,3.675,0.885456500433081,0.132121476435901,1.0,1.0,1.0,0.5524419535628502,1.0
