semaforo_id,delay,waiting_time,stops,flujo_vehicular,flujo_por_segundo,queue_length
308495742,52.570395399045516,14.172123368920522,1.8309608540925266,8430,10.5375,8.7125
308512653,42.98383037575207,0.45577648268769283,1.8789852588275626,5834,7.2925,1.1875
308512659,24.421238955634077,0.5547324051603014,1.2112658066164261,7829,9.78625,0.99
308512668,57.13747335653553,2.869745884609238,2.1077193543231583,6257,7.82125,3.625
308512669,57.54297932899806,4.184541563999481,2.05239268577357,7711,9.63875,6.23125
308512670,45.59867723228,3.5565312213039486,1.6924357208448118,17424,21.78,6.1475
308512701,24.486347080453967,0.44469525959367945,1.255079006772009,1772,2.215,0.235
joinedS_308495714_4152158087,47.673339608646884,1.5244940054144644,1.8785612994714451,15514,19.3925,5.02375
joinedS_308495840_308495841,70.161024433813,7.482164997615642,2.1279923700524557,20970,26.2125,7.50875
