semaforo_id,delay,waiting_time,stops,flujo_vehicular,flujo_por_segundo,queue_length,delay_norm,waiting_time_norm,stops_norm,flujo_vehicular_norm,flujo_por_segundo_norm,queue_length_norm,road_rage
cluster_1520634082_307862705,16.349801241903588,0.5572254335260116,1.0358381502890173,865,1.08125,0.26125,0.0,0.09542339046241147,0.14682672664546606,0.0,0.0,0.0,0.7065700843582244
cluster_307862891_307862894_307862896_307862898,25.354454961305922,0.37485843714609285,1.0386668823814917,6181,7.72625,1.13625,0.475452078212005,0.03468182612418606,0.15077328235884255,1.0,1.0,0.782122905027933,1.0
cluster_3701043284_4151921021,22.03606159404566,0.2707317073170732,0.9305986696230598,4510,5.6375,0.715,0.3002385639611156,0.0,0.0,0.6856659142212189,0.6856659142212189,0.40558659217877097,0.9240810446930902
cluster_4152158088_4152159489_9467311858,35.28894176110254,3.273074474856779,1.6473583704646722,1571,1.96375,1.38,1.0,1.0,1.0,0.1328066215199398,0.1328066215199398,1.0,1.0
