semaforo_id,delay,waiting_time,stops,flujo_vehicular,flujo_por_segundo,queue_length
308495742,52.06918691503369,15.64865470852018,1.713340807174888,8920,11.15,10.64875
308512653,38.884617316822464,0.3514473450541645,1.8151305274374,5631,7.03875,0.7
308512659,26.44962754654192,0.999626772829062,1.3051754167703409,8038,10.0475,1.845
308512668,63.072923039099265,4.98410425318631,2.2491765716740657,6983,8.72875,5.6475
308512669,49.845590339303435,2.582855504587156,1.9359231651376148,6976,8.72,4.0525
308512670,46.43762652423296,4.314059923816021,1.7541645346523396,17589,21.98625,4.78375
308512701,21.249583007575463,0.19931271477663232,1.1122565864833907,1746,2.1825,0.15375
joinedS_308495714_4152158087,47.55090007905776,1.030128749754918,1.8096856414613425,15301,19.12625,4.6175
joinedS_308495840_308495841,87.60893554946261,6.024475373809627,2.6151592192011033,23207,29.00875,6.79
