semaforo_id,delay,waiting_time,stops,flujo_vehicular,flujo_por_segundo,queue_length,delay_norm,waiting_time_norm,stops_norm,flujo_vehicular_norm,flujo_por_segundo_norm,queue_length_norm,road_rage
308495742,43.37395310277294,9.241395568128242,1.723950966525224,8484,10.605,8.71375,0.6530579735372313,1.0,0.5705783364014454,0.3769993693745342,0.3769993693745342,1.0,1.0
308512653,39.472964333236206,0.5013554727211115,1.9876313114198576,5902,7.3775,1.365,0.5490053765603433,0.0472809626495525,0.8382828730646761,0.22897437367425327,0.2289743736742533,0.14994216310005784,1.0
308512659,26.35597745078788,1.1010276092608642,1.3122446452890926,8077,10.09625,1.82375,0.1991308626194568,0.11264897634439423,0.1525887057678698,0.35366622713982687,0.3536662271398268,0.20300751879699247,1.0
308512668,37.1070076296533,0.4955826672275978,1.6907867059318469,4754,5.9425,0.775,0.4858972893837904,0.04665169074318197,0.5369079351454231,0.16316000687955054,0.16316000687955054,0.08169462116830539,1.0
308512669,51.429997062866576,2.0157977883096367,1.917277035760448,6963,8.70375,3.89,0.86793998036425,0.2123646475388804,0.7668548765061706,0.2898010663303331,0.28980106633033303,0.4420185078079815,1.0
308512670,45.3338947671683,2.6463020717308976,1.857707730006683,17956,22.445,7.27125,0.7053362630047912,0.2810935580918309,0.7063764460697481,0.9200252250186322,0.9200252250186322,0.8331405436668595,1.0
308512701,18.890452501716144,0.06761006289308176,1.1619496855345912,1908,2.385,0.06875,0.0,0.0,0.0,0.0,0.0,0.0,0.8034482887478911
joinedS_308495714_4152158087,42.230673638187056,1.2564296044771426,1.8090297428158209,15903,19.87875,5.16875,0.6225628338717474,0.12958876582689258,0.6569555534664874,0.8023275812646907,0.8023275812646906,0.5899363794100637,1.0
joinedS_308495840_308495841,56.38099942581855,2.309079634127435,2.1469174719652733,19351,24.18875,5.26375,1.0,0.24433420314386298,1.0,1.0,1.0,0.6009253903990747,1.0
