semaforo_id,delay,waiting_time,stops,flujo_vehicular,flujo_por_segundo,queue_length
308495742,43.37395310277294,9.241395568128242,1.723950966525224,8484,10.605,8.71375
308512653,39.472964333236206,0.5013554727211115,1.9876313114198576,5902,7.3775,1.365
308512659,26.35597745078788,1.1010276092608642,1.3122446452890926,8077,10.09625,1.82375
308512668,37.1070076296533,0.4955826672275978,1.6907867059318469,4754,5.9425,0.775
308512669,51.429997062866576,2.0157977883096367,1.917277035760448,6963,8.70375,3.89
308512670,45.3338947671683,2.6463020717308976,1.857707730006683,17956,22.445,7.27125
308512701,18.890452501716144,0.06761006289308176,1.1619496855345912,1908,2.385,0.06875
joinedS_308495714_4152158087,42.230673638187056,1.2564296044771426,1.8090297428158209,15903,19.87875,5.16875
joinedS_308495840_308495841,56.38099942581855,2.309079634127435,2.1469174719652733,19351,24.18875,5.26375
