semaforo_id,delay,waiting_time,stops,flujo_vehicular,flujo_por_segundo,queue_length,delay_norm,waiting_time_norm,stops_norm,flujo_vehicular_norm,flujo_por_segundo_norm,queue_length_norm,road_rage
cluster_1520634082_307862705,18.792917176097095,1.1953896816684961,1.048298572996707,911,1.13875,0.43125,0.0,0.28150065100007104,0.05078058088872382,0.0,0.0,0.0,0.817556423597122
cluster_307862891_307862894_307862896_307862898,26.88840414264172,0.4026962727993656,1.078509119746233,6305,7.88125,1.1825,0.456381781481325,0.022450488646849984,0.12363894002123772,1.0,1.0,0.8405594405594408,1.0
cluster_3701043284_4151921021,24.036290038090986,0.3339977851605759,1.0272425249169435,4515,5.64375,0.7725,0.2955943055206962,0.0,0.0,0.668149796069707,0.6681497960697071,0.3818181818181818,1.0
cluster_4152158088_4152159489_9467311858,36.531326759994755,3.393997445721584,1.4418901660280972,1566,1.9575,1.325,1.0,1.0,1.0,0.121431219873934,0.12143121987393402,1.0,1.0
