semaforo_id,delay,waiting_time,stops,flujo_vehicular,flujo_por_segundo,queue_length,delay_norm,waiting_time_norm,stops_norm,flujo_vehicular_norm,flujo_por_segundo_norm,queue_length_norm,road_rage
cluster_1520634082_307862705,18.298349586191193,0.4525205158264947,1.0668229777256741,853,1.06625,0.225,0.0,0.049276664039946405,0.24863816713697343,0.0,0.0,0.0,0.7836573128732046
cluster_307862891_307862894_307862896_307862898,25.447341565082127,0.32937208928858197,0.9731813072105348,6227,7.78375,1.03125,0.37478355374448696,0.012946375102622691,0.08621316864281649,1.0,1.0,0.6084905660377359,1.0
cluster_3701043284_4151921021,23.14390844648495,0.2854878877065882,0.923477473398234,4417,5.52125,0.60875,0.2540268299224911,0.0,0.0,0.6631931522143655,0.6631931522143655,0.289622641509434,0.9684051945494592
cluster_4152158088_4152159489_9467311858,37.37333808946165,3.6751781472684084,1.5,1684,2.105,1.55,1.0,1.0,1.0,0.15463342017119464,0.15463342017119464,1.0,1.0
