semaforo_id,delay,waiting_time,stops,flujo_vehicular,flujo_por_segundo,queue_length
cluster_1520634082_307862705,18.298349586191193,0.4525205158264947,1.0668229777256741,853,1.06625,0.225
cluster_307862891_307862894_307862896_307862898,25.447341565082127,0.32937208928858197,0.9731813072105348,6227,7.78375,1.03125
cluster_3701043284_4151921021,23.14390844648495,0.2854878877065882,0.923477473398234,4417,5.52125,0.60875
cluster_4152158088_4152159489_9467311858,37.37333808946165,3.6751781472684084,1.5,1684,2.105,1.55
