semaforo_id,delay,waiting_time,stops,flujo_vehicular,flujo_por_segundo,queue_length
cluster_1520634082_307862705,17.363105122813696,0.6616628175519631,1.0669745958429562,866,1.0825,0.27375
cluster_307862891_307862894_307862896_307862898,26.142433022116734,0.4238358326756117,1.0279400157853196,6335,7.91875,1.2675
cluster_3701043284_4151921021,22.34144681387765,0.3374121912531158,0.961704056197598,4413,5.51625,0.745
cluster_4152158088_4152159489_9467311858,33.9046102484909,2.6155419222903884,1.5371506475800953,1467,1.83375,1.13375
