semaforo_id,delay,waiting_time,stops,flujo_vehicular,flujo_por_segundo,queue_length,delay_norm,waiting_time_norm,stops_norm,flujo_vehicular_norm,flujo_por_segundo_norm,queue_length_norm,road_rage
cluster_1520634082_307862705,17.363105122813696,0.6616628175519631,1.0669745958429562,866,1.0825,0.27375,0.0,0.14233194092559878,0.1829371156625467,0.0,0.0,0.0,0.7504364450973053
cluster_307862891_307862894_307862896_307862898,26.142433022116734,0.4238358326756117,1.0279400157853196,6335,7.91875,1.2675,0.5307454087521323,0.03793622472199847,0.11510357447524568,1.0,1.0,1.0,1.0
cluster_3701043284_4151921021,22.34144681387765,0.3374121912531158,0.961704056197598,4413,5.51625,0.745,0.30096062318634637,0.0,0.0,0.6485646370451636,0.6485646370451636,0.47421383647798737,0.9388742786280724
cluster_4152158088_4152159489_9467311858,33.9046102484909,2.6155419222903884,1.5371506475800953,1467,1.83375,1.13375,1.0,1.0,1.0,0.1098921192174072,0.1098921192174072,0.8654088050314466,1.0
