semaforo_id,delay,waiting_time,stops,flujo_vehicular,flujo_por_segundo,queue_length,delay_norm,waiting_time_norm,stops_norm,flujo_vehicular_norm,flujo_por_segundo_norm,queue_length_norm,road_rage
cluster_1520634082_307862705,18.329863739191914,0.9824753559693319,1.0843373493975903,913,1.14125,0.34875,0.0,0.25021787364162307,0.35585928883966644,0.0,0.0,0.0,0.7962175506629668
cluster_307862891_307862894_307862896_307862898,25.12801424254076,0.441296180338134,0.9234502191609267,6388,7.985,1.3075,0.4090851203025016,0.07128481271743986,0.06281367145788658,1.0,1.0,1.0,1.0
cluster_3701043284_4151921021,22.269388139478124,0.2256968048946295,0.8889644232948107,4413,5.51625,0.545,0.23706459755956147,0.0,0.0,0.639269406392694,0.639269406392694,0.2046936114732725,0.93084803860881
cluster_4152158088_4152159489_9467311858,34.94780011957626,3.2501751927119833,1.4379817799579537,1427,1.78375,1.12875,1.0,1.0,1.0,0.09388127853881278,0.09388127853881276,0.8135593220338981,1.0
