semaforo_id,delay,waiting_time,stops,flujo_vehicular,flujo_por_segundo,queue_length,delay_norm,waiting_time_norm,stops_norm,flujo_vehicular_norm,flujo_por_segundo_norm,queue_length_norm,road_rage
308495742,48.37129806315734,10.649170295398376,1.8393550664940568,8497,10.62125,9.0875,0.5029569384636142,1.0,0.5454487331544047,0.34530544454248197,0.34530544454248197,1.0,1.0
308512653,39.591948924017196,0.412916178684959,1.8850593943449891,5977,7.47125,1.15125,0.3074812672377669,0.03236864545495998,0.5831359414802292,0.21451185965640732,0.2145118596564073,0.12014966740576499,1.0
308512659,29.25110824105478,1.9943462047395646,1.3712257909298688,8313,10.39125,2.73625,0.07723837092443002,0.18186095590189277,0.15943527751083847,0.33575543675714953,0.3357554367571495,0.29587028824833705,1.0
308512668,54.51500996063105,2.178106300598381,2.08060542062654,5682,7.1025,2.7975,0.6397491069881387,0.19923176639954027,0.7443807114240374,0.19920070587014066,0.1992007058701406,0.3026607538802661,1.0
308512669,53.19400578102355,2.0746928068479913,1.9821897004003866,7243,9.05375,4.29625,0.610336427914959,0.1894561064857697,0.6632283583515602,0.28022006539679245,0.28022006539679245,0.4688192904656319,1.0
308512670,49.59270112634943,3.4518778677845123,1.8290942049509997,17653,22.06625,6.2625,0.5301519593963578,0.3196411752403019,0.5369877570333491,0.8205221362952198,0.8205221362952198,0.6868070953436808,1.0
308512701,25.782120918839524,0.07049891540130152,1.177874186550976,1844,2.305,0.0675,0.0,0.0,0.0,0.0,0.0,0.0,1.0
joinedS_308495714_4152158087,48.7218138744113,1.551323076923077,1.9675692307692307,16250,20.3125,5.79125,0.5107613112473183,0.13998205524389634,0.6511725047657051,0.74770332693206,0.74770332693206,0.6345620842572062,1.0
joinedS_308495840_308495841,70.69486675612953,4.505850030789635,2.3906020558002936,21111,26.38875,6.92875,1.0,0.4192729839188521,1.0,1.0,1.0,0.7606707317073171,1.0
