semaforo_id,delay,waiting_time,stops,flujo_vehicular,flujo_por_segundo,queue_length
308495742,48.37129806315734,10.649170295398376,1.8393550664940568,8497,10.62125,9.0875
308512653,39.591948924017196,0.412916178684959,1.8850593943449891,5977,7.47125,1.15125
308512659,29.25110824105478,1.9943462047395646,1.3712257909298688,8313,10.39125,2.73625
308512668,54.51500996063105,2.178106300598381,2.08060542062654,5682,7.1025,2.7975
308512669,53.19400578102355,2.0746928068479913,1.9821897004003866,7243,9.05375,4.29625
308512670,49.59270112634943,3.4518778677845123,1.8290942049509997,17653,22.06625,6.2625
308512701,25.782120918839524,0.07049891540130152,1.177874186550976,1844,2.305,0.0675
joinedS_308495714_4152158087,48.7218138744113,1.551323076923077,1.9675692307692307,16250,20.3125,5.79125
joinedS_308495840_308495841,70.69486675612953,4.505850030789635,2.3906020558002936,21111,26.38875,6.92875
