semaforo_id,delay,waiting_time,stops,flujo_vehicular,flujo_por_segundo,queue_length,delay_norm,waiting_time_norm,stops_norm,flujo_vehicular_norm,flujo_por_segundo_norm,queue_length_norm,road_rage
308495742,50.93450676030603,16.72651903567143,1.6887749536380496,9167,11.45875,11.60875,0.5362134199135437,1.0,0.39223342113881865,0.3804987965381267,0.38049879653812674,1.0,1.0
308512653,38.373498960291876,0.4049904030710173,1.8068399930204153,5731,7.16375,0.82375,0.2825949378951978,0.022395487797062835,0.4863797579324977,0.2045373073180724,0.20453730731807243,0.06694062939331674,1.0
308512659,24.377369061173074,0.7855221012171685,1.2472773862908393,7805,9.75625,1.225,0.0,0.045188052973885576,0.040178495425824544,0.3107492190300609,0.3107492190300609,0.10165459067805775,1.0
308512668,58.49619529657028,4.512975778546712,2.1910322952710497,6936,8.67,4.98875,0.6888909756157785,0.26844995545931594,0.7927388467063216,0.266246735289599,0.266246735289599,0.42727371039255974,1.0
308512669,50.461642377422756,2.269015659955257,1.9544183445190157,7152,8.94,4.87625,0.5266658462716213,0.13404431328455266,0.6040603283733899,0.27730834229528345,0.27730834229528345,0.4175408240510436,1.0
308512670,42.2717893294569,1.957188575569108,1.6195881891190145,16561,20.70125,2.9125,0.36130506224471515,0.11536692272971856,0.3370631483116625,0.7591539919086393,0.7591539919086394,0.2476478858008003,1.0
308512701,26.43425744226832,0.031088082901554404,1.1968911917098446,1737,2.17125,0.05,0.041530497966410077,0.0,0.0,0.0,0.0,0.0,1.0
joinedS_308495714_4152158087,48.372477377016814,1.759534097313545,1.993800488446365,15969,19.96125,5.31375,0.48448365320840103,0.10352808617529162,0.635464075030634,0.7288369949300968,0.7288369949300968,0.4553909376013842,1.0
joinedS_308495840_308495841,73.90454744364416,5.751081640331076,2.4509499623777278,21264,26.58,6.90375,1.0,0.34260832042077594,1.0,1.0,1.0,0.5929490645614793,1.0
