semaforo_id,delay,waiting_time,stops,flujo_vehicular,flujo_por_segundo,queue_length,delay_norm,waiting_time_norm,stops_norm,flujo_vehicular_norm,flujo_por_segundo_norm,queue_length_norm,road_rage
308495742,50.69247484171882,13.724472715098761,1.784510657292713,8961,11.20125,11.79125,0.40307024589815565,1.0,0.45545466812803387,0.3434932161284158,0.3434932161284159,1.0,1.0
308512653,33.71113843328146,0.5401700503210134,1.7124761408988374,5763,7.20375,0.93375,0.16203690342641028,0.034352346755271636,0.4107377286688159,0.19071278425377414,0.19071278425377414,0.07408591834559214,1.0
308512659,30.35975099528197,2.285134636665437,1.4350178285995328,8133,10.16625,2.81625,0.11446726010331618,0.16215743441457076,0.23849965205420504,0.3039365564685649,0.3039365564685649,0.2346231745016523,1.0
308512668,49.55969528368051,1.8480901249779969,1.8250308044358388,5681,7.10125,2.25875,0.38699155594169393,0.1301473222527851,0.4806084007743435,0.18679533728262945,0.18679533728262948,0.18708026862807803,1.0
308512669,51.156821295265985,1.8010325101158087,1.8760987861029719,7167,8.95875,3.48125,0.40966118639137644,0.1267007178691977,0.5123099233059475,0.2577871201987388,0.2577871201987388,0.29133354653022064,1.0
308512670,57.332809537610615,4.221271726693184,1.9994006429466573,18353,22.94125,5.29375,0.4973232556958211,0.30396442147200026,0.5888521414495403,0.7921842155551309,0.7921842155551309,0.4459012898411683,1.0
308512701,22.295277293705308,0.07114624505928854,1.0508187464709204,1771,2.21375,0.065,0.0,0.0,0.0,0.0,0.0,0.0,0.9352667665082349
joinedS_308495714_4152158087,48.47024822889271,1.6422389983428467,1.9129073835389432,16293,20.36625,6.315,0.37152792818321956,0.11507032785974362,0.5351596334938123,0.693770303841009,0.693770303841009,0.5329922183136127,1.0
joinedS_308495840_308495841,92.74750699063182,7.8890895476368765,2.6617187155882482,22703,28.37875,8.59,1.0,0.5726035570696337,1.0,1.0,1.0,0.7270013857797676,1.0
