semaforo_id,delay,waiting_time,stops,flujo_vehicular,flujo_por_segundo,queue_length
308495742,50.69247484171882,13.724472715098761,1.784510657292713,8961,11.20125,11.79125
308512653,33.71113843328146,0.5401700503210134,1.7124761408988374,5763,7.20375,0.93375
308512659,30.35975099528197,2.285134636665437,1.4350178285995328,8133,10.16625,2.81625
308512668,49.55969528368051,1.8480901249779969,1.8250308044358388,5681,7.10125,2.25875
308512669,51.156821295265985,1.8010325101158087,1.8760987861029719,7167,8.95875,3.48125
308512670,57.332809537610615,4.221271726693184,1.9994006429466573,18353,22.94125,5.29375
308512701,22.295277293705308,0.07114624505928854,1.0508187464709204,1771,2.21375,0.065
joinedS_308495714_4152158087,48.47024822889271,1.6422389983428467,1.9129073835389432,16293,20.36625,6.315
joinedS_308495840_308495841,92.74750699063182,7.8890895476368765,2.6617187155882482,22703,28.37875,8.59
