semaforo_id,delay,waiting_time,stops,flujo_vehicular,flujo_por_segundo,queue_length
308495742,29.651649570096442,10.448371448371448,1.223839223839224,1443,7.215,5.54
308512653,19.429810681537695,0.26173708920187794,1.2312206572769953,852,4.26,0.415
308512659,21.82803166754661,1.0915086562242373,1.1500412201154164,1213,6.065,1.605
308512668,16.226457756519284,0.11016949152542373,0.9987893462469734,826,4.13,0.13
308512669,22.55074642882047,1.04,1.177,1000,5.0,1.445
308512670,26.74063697278009,3.1106412966878083,1.2135306553911205,2838,14.19,6.125
308512701,8.377220851961528,0.02457002457002457,0.8157248157248157,407,2.035,0.01
joinedS_308495714_4152158087,21.36793253081168,0.658356940509915,1.156940509915014,1765,8.825,1.52
joinedS_308495840_308495841,25.65886205764166,0.9551710578057413,1.2681871804954779,2543,12.715,3.165
