semaforo_id,delay,waiting_time,stops,flujo_vehicular,flujo_por_segundo,queue_length,delay_norm,waiting_time_norm,stops_norm,flujo_vehicular_norm,flujo_por_segundo_norm,queue_length_norm,road_rage
cluster_1520634082_307862705,17.539414157979788,0.4655367231638418,1.0892655367231638,885,1.10625,0.2475,0.0,0.052127547310602505,0.18415589695050963,0.0,0.0,0.0,0.754457922251395
cluster_307862891_307862894_307862896_307862898,26.556947051187908,0.4282334384858044,1.0761829652996846,6340,7.925,1.3575,0.5716895561327241,0.03697407393671587,0.1632800916762424,1.0,1.0,1.0,1.0
cluster_3701043284_4151921021,22.589999248563288,0.33721441124780316,0.9738576449912126,4552,5.69,0.77875,0.3201947564639281,0.0,0.0,0.6722273143904675,0.6722273143904676,0.47860360360360366,0.9492985639671361
cluster_4152158088_4152159489_9467311858,33.31289260703265,2.7989130434782608,1.6005434782608696,1472,1.84,1.13375,1.0,1.0,1.0,0.10760769935838681,0.10760769935838682,0.7984234234234235,1.0
