semaforo_id,delay,waiting_time,stops,flujo_vehicular,flujo_por_segundo,queue_length,delay_norm,waiting_time_norm,stops_norm,flujo_vehicular_norm,flujo_por_segundo_norm,queue_length_norm,road_rage
cluster_1520634082_307862705,17.177046586671203,0.7982456140350878,0.6666666666666666,114,0.57,0.195,0.008636378621432841,0.22427317219196644,0.0,0.0,0.0,0.0,0.7297134424142165
cluster_307862891_307862894_307862896_307862898,21.47257626345753,0.6461016949152543,0.8515254237288136,1475,7.375,1.59,0.2960187905922886,0.1672141321096993,0.31391109689798535,1.0,1.0,1.0,0.9058861013857588
cluster_3701043284_4151921021,17.047957891180367,0.20023696682464456,0.8222748815165877,844,4.22,0.355,0.0,0.0,0.26424036483948854,0.5363703159441587,0.5363703159441587,0.1146953405017921,0.7188140502443712
cluster_4152158088_4152159489_9467311858,31.995044065757913,2.8666666666666667,1.2555555555555555,180,0.9,0.54,1.0,1.0,1.0,0.048493754592211606,0.04849375459221162,0.24731182795698928,1.0
