semaforo_id,delay,waiting_time,stops,flujo_vehicular,flujo_por_segundo,queue_length
cluster_1520634082_307862705,17.177046586671203,0.7982456140350878,0.6666666666666666,114,0.57,0.195
cluster_307862891_307862894_307862896_307862898,21.47257626345753,0.6461016949152543,0.8515254237288136,1475,7.375,1.59
cluster_3701043284_4151921021,17.047957891180367,0.20023696682464456,0.8222748815165877,844,4.22,0.355
cluster_4152158088_4152159489_9467311858,31.995044065757913,2.8666666666666667,1.2555555555555555,180,0.9,0.54
