semaforo_id,delay,waiting_time,stops,flujo_vehicular,flujo_por_segundo,queue_length
cluster_1520634082_307862705,17.539414157979788,0.4655367231638418,1.0892655367231638,885,1.10625,0.2475
cluster_307862891_307862894_307862896_307862898,26.556947051187908,0.4282334384858044,1.0761829652996846,6340,7.925,1.3575
cluster_3701043284_4151921021,22.589999248563288,0.33721441124780316,0.9738576449912126,4552,5.69,0.77875
cluster_4152158088_4152159489_9467311858,33.31289260703265,2.7989130434782608,1.6005434782608696,1472,1.84,1.13375
