semaforo_id,delay,waiting_time,stops,flujo_vehicular,flujo_por_segundo,queue_length
308495742,45.64922464398883,8.420076647298801,1.8563481270861664,8089,10.11125,7.8625
308512653,36.74596742370503,0.25233011354007795,1.8418912048805287,5901,7.37625,0.78125
308512659,23.2795705261205,0.614298784472618,1.168213305450268,7651,9.56375,1.265
308512668,52.907991027199216,1.1663124335812964,2.081296493092455,5646,7.0575,1.95875
308512669,58.985094422488764,3.928624169333005,2.196160472557224,8126,10.1575,5.77875
308512670,49.75873871016467,4.805826896865061,1.8160495229441163,17608,22.01,3.60375
308512701,20.60569206829467,0.20400222345747637,1.1812117843246248,1799,2.24875,0.1575
joinedS_308495714_4152158087,44.19357937822624,0.9730161902858285,1.8559530948097809,15009,18.76125,4.04
joinedS_308495840_308495841,77.33137083038883,6.362633371169126,2.485539160045403,22025,27.53125,6.60875
