semaforo_id,delay,waiting_time,stops,flujo_vehicular,flujo_por_segundo,queue_length,delay_norm,waiting_time_norm,stops_norm,flujo_vehicular_norm,flujo_por_segundo_norm,queue_length_norm,road_rage
308495742,45.64922464398883,8.420076647298801,1.8563481270861664,8089,10.11125,7.8625,0.4414849345518809,1.0,0.5223725164396692,0.3109858597844359,0.31098585978443594,1.0,1.0
308512653,36.74596742370503,0.25233011354007795,1.8418912048805287,5901,7.37625,0.78125,0.28453207978528045,0.0058821144490079314,0.5113980698703495,0.20280826658756057,0.20280826658756054,0.0809539260220636,1.0
308512659,23.2795705261205,0.614298784472618,1.168213305450268,7651,9.56375,1.265,0.047137002433060356,0.04993827220266494,0.0,0.2893305646197963,0.28933056461979634,0.14373783257624917,0.9901973289522833
308512668,52.907991027199216,1.1663124335812964,2.081296493092455,5646,7.0575,1.95875,0.5694475529218336,0.11712530345774347,0.6931338851789353,0.19020073173143479,0.19020073173143479,0.23377676833225178,1.0
308512669,58.985094422488764,3.928624169333005,2.196160472557224,8126,10.1575,5.77875,0.6765789884182116,0.4533335208195603,0.7803286965948785,0.31281518837140315,0.3128151883714032,0.7295587280986372,1.0
308512670,49.75873871016467,4.805826896865061,1.8160495229441163,17608,22.01,3.60375,0.5139303271122947,0.5601001690118647,0.49178129711342633,0.781617719766637,0.7816177197666371,0.44727449707981826,1.0
308512701,20.60569206829467,0.20400222345747637,1.1812117843246248,1799,2.24875,0.1575,0.0,0.0,0.00986732237055488,0.0,0.0,0.0,0.8755561985739213
joinedS_308495714_4152158087,44.19357937822624,0.9730161902858285,1.8559530948097809,15009,18.76125,4.04,0.41582380016744236,0.09359870993826869,0.522072642057786,0.6531197468604766,0.6531197468604766,0.5038935756002595,1.0
joinedS_308495840_308495841,77.33137083038883,6.362633371169126,2.485539160045403,22025,27.53125,6.60875,1.0,0.7495831743978114,1.0,1.0,1.0,0.8372809863724854,1.0
