semaforo_id,delay,waiting_time,stops,flujo_vehicular,flujo_por_segundo,queue_length,delay_norm,waiting_time_norm,stops_norm,flujo_vehicular_norm,flujo_por_segundo_norm,queue_length_norm,road_rage
308495742,46.46429480663948,13.833333333333334,1.6883322049198826,8862,11.0775,10.60125,0.3771289402300064,1.0,0.31352248177994896,0.36310077519379846,0.36310077519379846,1.0,1.0
308512653,41.28047551417249,0.620548645425115,1.891804395978872,5869,7.33625,1.16,0.27969193786731317,0.027201640654469707,0.45798145027679793,0.20842377260981912,0.20842377260981912,0.09631490787269681,1.0
308512659,28.88189527394964,1.7968249903981564,1.3039303546280885,7811,9.76375,2.03625,0.04664359570843613,0.11380561745081665,0.04060904583363957,0.3087855297157623,0.3087855297157623,0.18018664752333094,1.0
308512668,43.72662571898166,0.8144226927686776,1.7325209748302037,5006,6.2575,1.35,0.325670690180661,0.04147572137479617,0.34489514301275076,0.16382428940568475,0.16382428940568478,0.1145010768126346,1.0
308512669,53.02090892614621,2.660474421263218,1.944841383252358,6998,8.7475,4.43125,0.5003695065788407,0.1773922700180161,0.49563607243342994,0.26677002583979326,0.2667700258397933,0.40942809284517834,1.0
308512670,51.92705103794319,4.995253505933118,1.8460625674217908,18540,23.175,6.695,0.47980894541264196,0.34929163238934924,0.4255061653932732,0.8632558139534884,0.8632558139534885,0.6261067240966739,1.0
308512701,26.400374235326236,0.2510893246187364,1.2467320261437909,1836,2.295,0.15375,0.0,0.0,0.0,0.0,0.0,0.0,1.0
joinedS_308495714_4152158087,52.394578819766,2.040491165019467,1.9747828691224918,16695,20.86875,6.58875,0.4885967721118274,0.13174567024805472,0.5168936022292758,0.7679069767441861,0.767906976744186,0.6159368269921034,1.0
joinedS_308495840_308495841,79.60212682179308,5.1033229491173415,2.6552440290758046,21186,26.4825,7.4675,1.0,0.35724830310700717,1.0,1.0,1.0,0.7000478583393157,1.0
