semaforo_id,delay,waiting_time,stops,flujo_vehicular,flujo_por_segundo,queue_length,delay_norm,waiting_time_norm,stops_norm,flujo_vehicular_norm,flujo_por_segundo_norm,queue_length_norm,road_rage
cluster_1520634082_307862705,15.856720141659505,0.6064441887226697,1.0771001150747985,869,1.08625,0.26625,0.0,0.12471210561893999,0.3066232094960648,0.0,0.0,0.0,0.6894816940438256
cluster_307862891_307862894_307862896_307862898,25.90407945060245,0.298524043802571,0.9820663386764006,6301,7.87625,0.94,0.6782248503832881,0.003651781778619389,0.16084903834428232,1.0,1.0,0.8117469879518072,1.0
cluster_3701043284_4151921021,21.63613180927758,0.28923563998190865,0.8772048846675712,4422,5.5275,0.64,0.39012644945272523,0.0,0.0,0.6540868924889544,0.6540868924889544,0.45030120481927716,0.9063181805574443
cluster_4152158088_4152159489_9467311858,30.67092121858088,2.8327621658670323,1.529129540781357,1459,1.82375,1.09625,1.0,1.0,1.0,0.10861561119293078,0.10861561119293078,1.0,1.0
