semaforo_id,delay,waiting_time,stops,flujo_vehicular,flujo_por_segundo,queue_length
cluster_1520634082_307862705,18.90816186632629,0.7147613762486127,1.1076581576026636,901,1.12625,0.26875
cluster_307862891_307862894_307862896_307862898,25.36918754088139,0.36772315653298837,0.9535899094437258,6184,7.73,1.01
cluster_3701043284_4151921021,21.353441668567005,0.2610629308427841,0.8736935734934401,4497,5.62125,0.68375
cluster_4152158088_4152159489_9467311858,32.642384961202474,2.901628222523745,1.4864314789687925,1474,1.8425,1.12375
