semaforo_id,delay,waiting_time,stops,flujo_vehicular,flujo_por_segundo,queue_length,delay_norm,waiting_time_norm,stops_norm,flujo_vehicular_norm,flujo_por_segundo_norm,queue_length_norm,road_rage
308495742,46.67577819322188,10.144036270634736,1.695187165775401,8602,10.7525,8.6625,0.42497453006163666,1.0,0.37951730756919544,0.33063533083036717,0.33063533083036717,1.0,1.0
308512653,40.151656262676376,0.8303801823499054,1.8057801479442628,5813,7.26625,1.4925,0.31905419283007136,0.07771492582175168,0.44944906425589065,0.19464625286459603,0.19464625286459603,0.16603663855772027,1.0
308512659,26.049488093404936,1.2069095952591098,1.2801664355062414,7931,9.91375,1.89625,0.09010286051483007,0.11500076225628225,0.11708538684566601,0.2979179872251207,0.2979179872251207,0.2129979645245711,1.0
308512668,47.0019690779192,0.6697210344125433,1.8028914681327632,4911,6.13875,1.18125,0.4302702999563164,0.061805648866678796,0.44762245238810405,0.15066556146082208,0.15066556146082208,0.1298342541436464,1.0
308512669,57.36654980917775,5.41583912611718,2.0181231380337636,8056,10.07,7.41625,0.5985412026166069,0.5317901356003564,0.5837208600411868,0.30401287239748404,0.30401287239748404,0.85504507124164,1.0
308512670,45.44420802517014,3.3663246483744524,1.6967373760664053,17348,21.685,5.60125,0.40497975851795576,0.3288369028186589,0.38049755899887655,0.7570822565702862,0.7570822565702862,0.6439371910439081,1.0
308512701,20.499637482520527,0.04557935200439319,1.0950027457440967,1821,2.27625,0.065,0.0,0.0,0.0,0.0,0.0,0.0,0.8646971961706729
joinedS_308495714_4152158087,45.95325333066142,1.192268239517887,1.898384408257469,15598,19.4975,4.96625,0.41324420406293244,0.11355090156378264,0.5080059317295113,0.6717538641571993,0.6717538641571992,0.5700785111951148,1.0
joinedS_308495840_308495841,82.0942481216684,5.561755485893417,2.676444245409763,22330,27.9125,7.68875,1.0,0.5462395075144991,1.0,1.0,1.0,0.8867403314917126,1.0
