semaforo_id,delay,waiting_time,stops,flujo_vehicular,flujo_por_segundo,queue_length
308495742,46.67577819322188,10.144036270634736,1.695187165775401,8602,10.7525,8.6625
308512653,40.151656262676376,0.8303801823499054,1.8057801479442628,5813,7.26625,1.4925
308512659,26.049488093404936,1.2069095952591098,1.2801664355062414,7931,9.91375,1.89625
308512668,47.0019690779192,0.6697210344125433,1.8028914681327632,4911,6.13875,1.18125
308512669,57.36654980917775,5.41583912611718,2.0181231380337636,8056,10.07,7.41625
308512670,45.44420802517014,3.3663246483744524,1.6967373760664053,17348,21.685,5.60125
308512701,20.499637482520527,0.04557935200439319,1.0950027457440967,1821,2.27625,0.065
joinedS_308495714_4152158087,45.95325333066142,1.192268239517887,1.898384408257469,15598,19.4975,4.96625
joinedS_308495840_308495841,82.0942481216684,5.561755485893417,2.676444245409763,22330,27.9125,7.68875
