semaforo_id,delay,waiting_time,stops,flujo_vehicular,flujo_por_segundo,queue_length
cluster_1520634082_307862705,15.614050554048404,0.22195416164053075,0.9843184559710495,829,1.03625,0.12625
cluster_307862891_307862894_307862896_307862898,24.999818370353324,0.4114709199291123,0.9407120992427904,6207,7.75875,1.1225
cluster_3701043284_4151921021,22.62674275264368,0.3024663677130045,0.8573991031390135,4460,5.575,0.6575
cluster_4152158088_4152159489_9467311858,34.01162609272199,3.156330749354005,1.45671834625323,1548,1.935,1.26875
