semaforo_id,delay,waiting_time,stops,flujo_vehicular,flujo_por_segundo,queue_length,delay_norm,waiting_time_norm,stops_norm,flujo_vehicular_norm,flujo_por_segundo_norm,queue_length_norm,road_rage
cluster_1520634082_307862705,15.614050554048404,0.22195416164053075,0.9843184559710495,829,1.03625,0.12625,0.0,0.0,0.21177253073425528,0.0,0.0,0.0,0.6683738436335889
cluster_307862891_307862894_307862896_307862898,24.999818370353324,0.4114709199291123,0.9407120992427904,6207,7.75875,1.1225,0.5101632982332415,0.06458501580271155,0.1390127166130379,1.0,1.0,0.8719912472647703,1.0
cluster_3701043284_4151921021,22.62674275264368,0.3024663677130045,0.8573991031390135,4460,5.575,0.6575,0.38117480120431513,0.027437584667757486,0.0,0.6751580513201934,0.6751580513201934,0.4649890590809628,0.9454150015855679
cluster_4152158088_4152159489_9467311858,34.01162609272199,3.156330749354005,1.45671834625323,1548,1.935,1.26875,1.0,1.0,1.0,0.13369282261063592,0.13369282261063595,1.0,1.0
