semaforo_id,delay,waiting_time,stops,flujo_vehicular,flujo_por_segundo,queue_length,delay_norm,waiting_time_norm,stops_norm,flujo_vehicular_norm,flujo_por_segundo_norm,queue_length_norm,road_rage
308495742,51.83921378260606,17.52463080737307,1.6277891559771478,9277,11.59625,11.6275,0.4229028255447503,1.0,0.3298086058969895,0.36350921192244623,0.36350921192244623,1.0,1.0
308512653,38.776320631234334,0.41480446927374304,1.7618715083798884,5728,7.16,0.88875,0.21940412422641048,0.02216261355795366,0.4188294367123713,0.19234108228031252,0.19234108228031255,0.07274689692390719,1.0
308512659,24.692434035533527,0.8363095238095238,1.2217908902691512,7728,9.66,1.29625,0.0,0.04625189376190259,0.06025558661246787,0.28880100318317736,0.2888010031831774,0.10793308148947653,1.0
308512668,65.93873871380866,5.0251590106007065,2.2463604240282686,7075,8.84375,5.3525,0.6425505696896979,0.28564728874859474,0.7404944807616779,0.257306839008392,0.257306839008392,0.45817593092282793,1.0
308512669,49.68556914527932,2.02133753401117,1.88801374767292,6983,8.72875,4.39125,0.3893525329932739,0.11397699333090963,0.5025786157918759,0.2528696826468602,0.2528696826468602,0.3751753912574205,1.0
308512670,42.92601767386634,3.7325032202662087,1.6052873704226216,16303,20.37875,2.59,0.2840496777997774,0.2117711935380178,0.314869073520076,0.7023729140542104,0.7023729140542104,0.21964382083108472,1.0
308512701,27.567618002415713,0.027011494252873563,1.1310344827586207,1740,2.175,0.04625,0.04479070574426287,0.0,0.0,0.0,0.0,0.0,1.0
joinedS_308495714_4152158087,56.63388331023339,2.0028919904438576,2.063686659122344,15906,19.8825,4.72125,0.4975960049818278,0.11292281886081579,0.6192125221094761,0.6832256197549919,0.6832256197549917,0.4036697247706423,1.0
joinedS_308495840_308495841,88.88396482538856,5.920841861706862,2.637225238052861,22474,28.0925,7.25875,1.0,0.3368361296461989,1.0,1.0,1.0,0.6227738801942796,1.0
