semaforo_id,delay,waiting_time,stops,flujo_vehicular,flujo_por_segundo,queue_length
308495742,51.83921378260606,17.52463080737307,1.6277891559771478,9277,11.59625,11.6275
308512653,38.776320631234334,0.41480446927374304,1.7618715083798884,5728,7.16,0.88875
308512659,24.692434035533527,0.8363095238095238,1.2217908902691512,7728,9.66,1.29625
308512668,65.93873871380866,5.0251590106007065,2.2463604240282686,7075,8.84375,5.3525
308512669,49.68556914527932,2.02133753401117,1.88801374767292,6983,8.72875,4.39125
308512670,42.92601767386634,3.7325032202662087,1.6052873704226216,16303,20.37875,2.59
308512701,27.567618002415713,0.027011494252873563,1.1310344827586207,1740,2.175,0.04625
joinedS_308495714_4152158087,56.63388331023339,2.0028919904438576,2.063686659122344,15906,19.8825,4.72125
joinedS_308495840_308495841,88.88396482538856,5.920841861706862,2.637225238052861,22474,28.0925,7.25875
