semaforo_id,delay,waiting_time,stops,flujo_vehicular,flujo_por_segundo,queue_length
308495742,22.465495480852248,4.837070254110613,1.1225710014947683,1338,6.69,5.09
308512653,22.88512729528873,0.5380493033226152,1.3644158628081458,933,4.665,0.85
308512659,21.824719220750588,1.5612788632326822,1.1651865008880995,1126,5.63,1.13
308512668,30.873300320489097,2.5434995112414467,1.3880742913000979,1023,5.115,1.595
308512669,29.47565029159308,2.2618181818181817,1.4963636363636363,1100,5.5,1.62
308512670,18.647004406130183,0.3109831345125463,0.9370629370629371,2431,12.155,0.85
308512701,9.35959861711851,0.7831325301204819,0.8120481927710843,415,2.075,0.26
joinedS_308495714_4152158087,22.24773786956314,0.5922865013774105,1.2181818181818183,1815,9.075,1.6
joinedS_308495840_308495841,23.2182301995351,0.6156758803483529,1.3513820522529345,2641,13.205,2.735
