semaforo_id,delay,waiting_time,stops,flujo_vehicular,flujo_por_segundo,queue_length,delay_norm,waiting_time_norm,stops_norm,flujo_vehicular_norm,flujo_por_segundo_norm,queue_length_norm,road_rage
cluster_1520634082_307862705,16.054700515749488,0.4732360097323601,0.9744525547445255,822,1.0275,0.19125,0.0,0.07612895139995804,0.07580141015046166,0.0,0.0,0.0,0.6906308430144077
cluster_307862891_307862894_307862896_307862898,25.313971834557755,0.3724400698523575,0.9850769963486268,6299,7.87375,1.0975,0.5525295373547214,0.0393891604292524,0.09474548294640274,1.0,1.0,0.8182844243792323,1.0
cluster_3701043284_4151921021,22.572054840870788,0.26437556154537284,0.9319407008086253,4452,5.565,0.6425,0.3889108166342773,0.0,0.0,0.6627715902866532,0.6627715902866533,0.4074492099322798,0.945447332898084
cluster_4152158088_4152159489_9467311858,32.812666728990784,3.0078843626806835,1.4927726675427069,1522,1.9025,1.29875,1.0,1.0,1.0,0.12780719371918933,0.12780719371918933,1.0,1.0
