semaforo_id,delay,waiting_time,stops,flujo_vehicular,flujo_por_segundo,queue_length,delay_norm,waiting_time_norm,stops_norm,flujo_vehicular_norm,flujo_por_segundo_norm,queue_length_norm,road_rage
308495742,27.98392140796413,9.114328136599852,1.3162583518930957,1347,6.735,7.2,0.9905747957545421,1.0,0.7136378344385143,0.4025974025974026,0.40259740259740256,1.0,1.0
308512653,16.194614533325687,0.9057071960297767,1.1414392059553349,806,4.03,0.7,0.20801754657396077,0.020298506245126493,0.3481127754175682,0.15166975881261596,0.15166975881261596,0.0,0.7115562934918365
308512659,18.452563794956912,1.2028985507246377,1.0923913043478262,1104,5.52,0.83,0.35789697390252,0.055768387999146095,0.24555972246808752,0.2898886827458256,0.2898886827458255,0.02,0.8058561749866824
308512668,25.192339814026393,2.1676413255360623,1.4532163742690059,1026,5.13,1.55,0.8052736210336955,0.17091074192374264,1.0,0.2537105751391466,0.2537105751391465,0.13076923076923078,1.0
308512669,28.12591309652391,3.603159851301115,1.3262081784386617,1076,5.38,3.245,1.0,0.34224032994917597,0.7344416824141301,0.27690166975881264,0.2769016697588126,0.3915384615384615,1.0
308512670,21.956938630069192,1.035673624288425,1.0497153700189754,2635,13.175,2.495,0.5905123396932441,0.03581004037794036,0.15632965941835272,1.0,1.0,0.2761538461538462,0.9409796324892952
308512701,13.060808419539486,1.11482254697286,0.9749478079331941,479,2.395,0.835,0.0,0.045256489220496465,0.0,0.0,0.0,0.02076923076923077,0.5837267000383644
joinedS_308495714_4152158087,24.117804574881408,0.735632183908046,1.3021346469622332,1827,9.135,2.01,0.7339475159594574,0.0,0.6841069266494675,0.6252319109461967,0.6252319109461966,0.2015384615384615,1.0
joinedS_308495840_308495841,24.88359556339904,0.9185820023373588,1.3681340085703155,2567,12.835,3.365,0.784779621340548,0.021835118431590403,0.8221033710190552,0.9684601113172542,0.9684601113172542,0.41000000000000003,1.0
