semaforo_id,delay,waiting_time,stops,flujo_vehicular,flujo_por_segundo,queue_length,delay_norm,waiting_time_norm,stops_norm,flujo_vehicular_norm,flujo_por_segundo_norm,queue_length_norm,road_rage
308495742,45.05771033217403,11.163333732487127,1.7038678002634415,8351,10.43875,9.23125,0.40705322964309815,1.0,0.4125734446653056,0.33596776693011005,0.33596776693011005,1.0,1.0
308512653,47.709978364807995,1.904564975345952,2.115476379831398,6287,7.85875,3.02875,0.46202262572797426,0.14308184144726446,0.7300242082004201,0.22935068960173563,0.2293506896017356,0.3188743994509266,1.0
308512659,25.41743145962083,0.358604407135362,1.2847586568730325,7624,9.53,0.845,0.0,0.0,0.08933791416814015,0.29841417428586187,0.29841417428586187,0.0790665751544269,1.0
308512668,52.208118232973845,1.7066115702479339,1.9586776859504131,6050,7.5625,2.7875,0.5552485097698776,0.12476084523002944,0.6090941120734774,0.21710832171083216,0.21710832171083216,0.29238160603980784,1.0
308512669,61.51324275707064,4.816023404973557,2.196916844829526,8887,11.10875,7.5425,0.7481012189571177,0.41254332835339924,0.7928347011776254,0.36365514747662586,0.36365514747662586,0.814550446122169,1.0
308512670,42.801075049956715,2.0414103891358626,1.7109189452530296,16421,20.52625,3.35125,0.36028349252715514,0.15574716694216809,0.4180115999221543,0.7528281419494809,0.7528281419494809,0.35428963623884696,1.0
308512701,25.60634791336594,0.40010828370330265,1.1689225771521385,1847,2.30875,0.125,0.003915374783050211,0.003841269440277201,0.0,0.0,0.0,0.0,1.0
joinedS_308495714_4152158087,47.21465758323461,1.2656707127295364,2.0160597572362278,16065,20.08125,5.10375,0.4517568894236618,0.08395085876569548,0.6533497064588728,0.7344387623327652,0.7344387623327652,0.5467398764584763,1.0
joinedS_308495840_308495841,73.66733452456809,4.280863906441573,2.465528623974347,21206,26.5075,7.52125,1.0,0.3630132121961802,1.0,1.0,1.0,0.8122168840082362,1.0
