semaforo_id,delay,waiting_time,stops,flujo_vehicular,flujo_por_segundo,queue_length
308495742,45.05771033217403,11.163333732487127,1.7038678002634415,8351,10.43875,9.23125
308512653,47.709978364807995,1.904564975345952,2.115476379831398,6287,7.85875,3.02875
308512659,25.41743145962083,0.358604407135362,1.2847586568730325,7624,9.53,0.845
308512668,52.208118232973845,1.7066115702479339,1.9586776859504131,6050,7.5625,2.7875
308512669,61.51324275707064,4.816023404973557,2.196916844829526,8887,11.10875,7.5425
308512670,42.801075049956715,2.0414103891358626,1.7109189452530296,16421,20.52625,3.35125
308512701,25.60634791336594,0.40010828370330265,1.1689225771521385,1847,2.30875,0.125
joinedS_308495714_4152158087,47.21465758323461,1.2656707127295364,2.0160597572362278,16065,20.08125,5.10375
joinedS_308495840_308495841,73.66733452456809,4.280863906441573,2.465528623974347,21206,26.5075,7.52125
