semaforo_id,delay,waiting_time,stops,flujo_vehicular,flujo_por_segundo,queue_length
308495742,27.98392140796413,9.114328136599852,1.3162583518930957,1347,6.735,7.2
308512653,16.194614533325687,0.9057071960297767,1.1414392059553349,806,4.03,0.7
308512659,18.452563794956912,1.2028985507246377,1.0923913043478262,1104,5.52,0.83
308512668,25.192339814026393,2.1676413255360623,1.4532163742690059,1026,5.13,1.55
308512669,28.12591309652391,3.603159851301115,1.3262081784386617,1076,5.38,3.245
308512670,21.956938630069192,1.035673624288425,1.0497153700189754,2635,13.175,2.495
308512701,13.060808419539486,1.11482254697286,0.9749478079331941,479,2.395,0.835
joinedS_308495714_4152158087,24.117804574881408,0.735632183908046,1.3021346469622332,1827,9.135,2.01
joinedS_308495840_308495841,24.88359556339904,0.9185820023373588,1.3681340085703155,2567,12.835,3.365
