semaforo_id,delay,waiting_time,stops,flujo_vehicular,flujo_por_segundo,queue_length
cluster_1520634082_307862705,17.802450240778477,0.56590084643289,1.0338573155985489,827,1.03375,0.215
cluster_307862891_307862894_307862896_307862898,26.20240023346826,0.4323821339950372,1.0189205955334988,6448,8.06,1.29875
cluster_3701043284_4151921021,22.351637884033025,0.35398828301036506,0.8830554303740423,4438,5.5475,0.77
cluster_4152158088_4152159489_9467311858,35.187480029903206,3.0597609561752988,1.50265604249668,1506,1.8825,1.155
