semaforo_id,delay,waiting_time,stops,flujo_vehicular,flujo_por_segundo,queue_length,delay_norm,waiting_time_norm,stops_norm,flujo_vehicular_norm,flujo_por_segundo_norm,queue_length_norm,road_rage
cluster_1520634082_307862705,17.802450240778477,0.56590084643289,1.0338573155985489,827,1.03375,0.215,0.0,0.07831868712557122,0.24338562982997555,0.0,0.0,0.0,0.7647703191837388
cluster_307862891_307862894_307862896_307862898,26.20240023346826,0.4323821339950372,1.0189205955334988,6448,8.06,1.29875,0.4831714466169281,0.028972814960458275,0.21927861674314267,1.0,1.0,1.0,1.0
cluster_3701043284_4151921021,22.351637884033025,0.35398828301036506,0.8830554303740423,4438,5.5475,0.77,0.2616726976274904,0.0,0.0,0.6424123821384096,0.6424123821384095,0.5121107266435987,0.93646749823649
cluster_4152158088_4152159489_9467311858,35.187480029903206,3.0597609561752988,1.50265604249668,1506,1.8825,1.155,1.0,1.0,1.0,0.12079701120797011,0.12079701120797011,0.8673587081891581,1.0
