semaforo_id,delay,waiting_time,stops,flujo_vehicular,flujo_por_segundo,queue_length
308495742,24.706282269630606,10.175136825645035,1.2642689601250978,1279,6.395,6.675
308512653,22.30130274596333,1.1237785016286646,1.1834961997828448,921,4.605,1.24
308512659,22.37690224794939,2.390786338363781,1.2351072279586974,1259,6.295,2.175
308512668,20.888990955662806,0.24816625916870416,1.234718826405868,818,4.09,0.425
308512669,33.5582914192743,3.2211614956245027,1.5616547334924422,1257,6.285,3.74
308512670,24.34096604003238,1.1979434447300772,1.1814175541681968,2723,13.615,2.97
308512701,10.647580395980206,0.326133909287257,0.980561555075594,463,2.315,0.295
joinedS_308495714_4152158087,23.023984838265726,0.4514088556641748,1.183438757906843,1739,8.695,1.315
joinedS_308495840_308495841,25.626231961955195,0.739284309870232,1.3141958316948485,2543,12.715,2.945
