semaforo_id,delay,waiting_time,stops,flujo_vehicular,flujo_por_segundo,queue_length
308495742,24.98132594198217,5.158805031446541,1.2633647798742138,1272,6.36,4.225
308512653,21.767803703991753,1.0805626598465474,1.274936061381074,782,3.91,0.875
308512659,21.479533008264116,0.7188859878154917,1.154917319408181,1149,5.745,0.93
308512668,19.551200794474262,0.4835294117647059,1.2458823529411764,850,4.25,0.455
308512669,35.000716141530205,2.719128329297821,1.691686844229217,1239,6.195,3.275
308512670,23.609696453637074,0.5827039274924471,1.119712990936556,2648,13.24,1.29
308512701,11.428918320504861,1.2745535714285714,1.0,448,2.24,0.43
joinedS_308495714_4152158087,19.951073228805114,0.8324175824175825,1.1824175824175824,1820,9.1,2.035
joinedS_308495840_308495841,21.91985971273707,0.6102970297029703,1.236039603960396,2525,12.625,2.485
