semaforo_id,delay,waiting_time,stops,flujo_vehicular,flujo_por_segundo,queue_length
308495742,45.45835208409041,13.10952329006218,1.5729246209228755,9167,11.45875,11.175
308512653,33.65272193373414,0.438483547925608,1.5929899856938483,5592,6.99,0.80625
308512659,23.965571512056822,0.8417989417989418,1.2428571428571429,7560,9.45,1.37
308512668,44.56050125219832,1.9110230547550433,1.8130403458213256,5552,6.94,2.1525
308512669,46.207124454065394,2.324932493249325,1.7352235223522352,6666,8.3325,4.28125
308512670,48.97215824592906,5.206353919239905,1.6868764845605702,16840,21.05,3.0075
308512701,22.945737336526435,0.07171089779785432,1.077357425183512,1771,2.21375,0.06875
joinedS_308495714_4152158087,46.04435751198688,1.1755359877488514,1.8408626850433896,15672,19.59,4.95625
joinedS_308495840_308495841,79.494833620146,7.182562795777211,2.4619129959956316,21976,27.47,7.44375
