semaforo_id,delay,waiting_time,stops,flujo_vehicular,flujo_por_segundo,queue_length,delay_norm,waiting_time_norm,stops_norm,flujo_vehicular_norm,flujo_por_segundo_norm,queue_length_norm,road_rage
308495742,45.45835208409041,13.10952329006218,1.5729246209228755,9167,11.45875,11.175,0.39810741863411786,1.0,0.35792510332300026,0.36604800791883196,0.366048007918832,1.0,1.0
308512653,33.65272193373414,0.438483547925608,1.5929899856938483,5592,6.99,0.80625,0.18933962345759314,0.028131456343502035,0.37241738170746647,0.1891116060381094,0.1891116060381094,0.06640405177265053,1.0
308512659,23.965571512056822,0.8417989417989418,1.2428571428571429,7560,9.45,1.37,0.018034491133429496,0.05906574054233215,0.11953273755314561,0.2865132392972037,0.2865132392972037,0.11716375914462576,1.0
308512668,44.56050125219832,1.9110230547550433,1.8130403458213256,5552,6.94,2.1525,0.38223005027815066,0.14107521274416412,0.5313495074858527,0.18713189804503835,0.18713189804503838,0.1876195835678109,1.0
308512669,46.207124454065394,2.324932493249325,1.7352235223522352,6666,8.3325,4.28125,0.41134852095376506,0.17282205999438724,0.47514604038814257,0.2422667656520663,0.2422667656520663,0.3792909397861564,1.0
308512670,48.97215824592906,5.206353919239905,1.6868764845605702,16840,21.05,3.0075,0.46024468329021967,0.3938270368492623,0.4402272268635205,0.7458054936896807,0.7458054936896809,0.26460326392796846,1.0
308512701,22.945737336526435,0.07171089779785432,1.077357425183512,1771,2.21375,0.06875,0.0,0.0,0.0,0.0,0.0,0.0,0.9623580084243549
joinedS_308495714_4152158087,46.04435751198688,1.1755359877488514,1.8408626850433896,15672,19.59,4.95625,0.4084701912760959,0.08466336657873107,0.5514442872177668,0.687998020292007,0.687998020292007,0.44006752954417555,1.0
joinedS_308495840_308495841,79.494833620146,7.182562795777211,2.4619129959956316,21976,27.47,7.44375,1.0,0.5454022257751163,1.0,1.0,1.0,0.6640405177265053,1.0
