semaforo_id,delay,waiting_time,stops,flujo_vehicular,flujo_por_segundo,queue_length,delay_norm,waiting_time_norm,stops_norm,flujo_vehicular_norm,flujo_por_segundo_norm,queue_length_norm,road_rage
308495742,48.134744736513255,13.184981011882886,1.6421658703907878,8163,10.20375,8.24875,0.63813204919611,1.0,0.5323072151876165,0.3353527771820716,0.3353527771820716,1.0,1.0
308512653,37.10394490185924,0.4266811673010694,1.696574225122349,5517,6.89625,0.8475,0.37477899822773625,0.020288518051280454,0.5836038427370928,0.19349131460433197,0.193491314604332,0.08963714637146372,1.0
308512659,27.428636024865614,1.6626116215866442,1.2550795910443897,7727,9.65875,1.82875,0.14378739743620741,0.1151957762051088,0.1673592067592988,0.3119772678533133,0.3119772678533133,0.21033210332103325,1.0
308512668,51.71991350657069,3.039218544977402,2.0221606648199444,6859,8.57375,4.19125,0.7237255825738981,0.2209055984702425,0.8905693154981972,0.265440703409822,0.26544070340982207,0.5009225092250923,1.0
308512669,49.830031526941085,4.8269311945968765,1.9022090896299424,7107,8.88375,6.09,0.678605900160477,0.3581842821971317,0.7774780208458847,0.27873686467939096,0.27873686467939096,0.7344710947109472,1.0
308512670,54.33608870593166,6.632281296335522,1.9213090446939207,18884,23.605,4.4275,0.786185035283305,0.4968173481351282,0.7954856096796689,0.910143684323397,0.910143684323397,0.5299815498154982,1.0
308512701,21.405960403556325,0.16247379454926625,1.0775681341719077,1908,2.385,0.11875,0.0,0.0,0.0,0.0,0.0,0.0,0.9025906174001147
joinedS_308495714_4152158087,46.65731733999409,1.2700375501748025,1.8261685873365272,15446,19.3075,4.58125,0.6028594471826778,0.08504996289434284,0.7057864333302317,0.7258202873686468,0.7258202873686468,0.5488929889298892,1.0
joinedS_308495840_308495841,63.291937399428335,5.01181906614786,2.1382295719844358,20560,25.7,6.675,1.0,0.37238184557455023,1.0,1.0,1.0,0.8064268142681427,1.0
