semaforo_id,delay,waiting_time,stops,flujo_vehicular,flujo_por_segundo,queue_length
308495742,48.134744736513255,13.184981011882886,1.6421658703907878,8163,10.20375,8.24875
308512653,37.10394490185924,0.4266811673010694,1.696574225122349,5517,6.89625,0.8475
308512659,27.428636024865614,1.6626116215866442,1.2550795910443897,7727,9.65875,1.82875
308512668,51.71991350657069,3.039218544977402,2.0221606648199444,6859,8.57375,4.19125
308512669,49.830031526941085,4.8269311945968765,1.9022090896299424,7107,8.88375,6.09
308512670,54.33608870593166,6.632281296335522,1.9213090446939207,18884,23.605,4.4275
308512701,21.405960403556325,0.16247379454926625,1.0775681341719077,1908,2.385,0.11875
joinedS_308495714_4152158087,46.65731733999409,1.2700375501748025,1.8261685873365272,15446,19.3075,4.58125
joinedS_308495840_308495841,63.291937399428335,5.01181906614786,2.1382295719844358,20560,25.7,6.675
