semaforo_id,delay,waiting_time,stops,flujo_vehicular,flujo_por_segundo,queue_length
cluster_1520634082_307862705,15.857638864757998,0.5261239368165249,1.0024301336573511,823,1.02875,0.2175
cluster_307862891_307862894_307862896_307862898,24.96377173223895,0.4668853483286473,1.021868166198063,6402,8.0025,1.36
cluster_3701043284_4151921021,22.104512083089762,0.21727515583259127,0.9390026714158504,4492,5.615,0.53125
cluster_4152158088_4152159489_9467311858,29.844157965832597,2.3851018973998594,1.3274771609276177,1423,1.77875,0.9875
