semaforo_id,delay,waiting_time,stops,flujo_vehicular,flujo_por_segundo,queue_length
308495742,26.228845207296892,8.78817365269461,1.151946107784431,1336,6.68,6.215
308512653,15.505099184648019,0.06996381182147166,1.0820265379975875,829,4.145,0.055
308512659,21.173825654789887,1.4641275465013286,1.0894596988485385,1129,5.645,0.99
308512668,33.675641996670464,4.779298545765611,1.4816082121471343,1169,5.845,3.05
308512669,27.406725842633396,1.5409674234945705,1.297137216189536,1013,5.065,1.4
308512670,18.920310899946227,0.47774244833068363,0.8608903020667726,2516,12.58,1.03
308512701,9.629785007000029,0.3469387755102041,0.7959183673469388,441,2.205,0.18
joinedS_308495714_4152158087,21.64595109834139,0.41502192982456143,1.2116228070175439,1824,9.12,1.4
joinedS_308495840_308495841,22.24115755741531,0.6109640831758034,1.2090737240075615,2645,13.225,3.105
