semaforo_id,delay,waiting_time,stops,flujo_vehicular,flujo_por_segundo,queue_length
308495742,48.23081878613451,16.41252441936184,1.6351204688517473,9214,11.5175,11.8125
308512653,37.56786914793976,0.6037333333333333,1.8385777777777779,5625,7.03125,1.4075
308512659,23.816437410889026,0.6915048223014929,1.177037917822698,7569,9.46125,1.16375
308512668,41.212085828361445,1.9804878048780488,1.74579945799458,5535,6.91875,2.4525
308512669,46.2938617800684,1.8756723528507762,1.7788535423390195,6507,8.13375,3.84
308512670,48.42147399578504,4.1451674588865215,1.7446866633885156,18303,22.87875,6.0075
308512701,28.60856676823368,0.08324382384532761,1.150375939849624,1862,2.3275,0.09375
joinedS_308495714_4152158087,44.7978510821009,1.3296767493184474,1.7554199662469168,15406,19.2575,4.48375
joinedS_308495840_308495841,91.6499507051183,7.043157666449794,2.654391672088484,23055,28.81875,7.33625
