semaforo_id,delay,waiting_time,stops,flujo_vehicular,flujo_por_segundo,queue_length,delay_norm,waiting_time_norm,stops_norm,flujo_vehicular_norm,flujo_por_segundo_norm,queue_length_norm,road_rage
308495742,48.23081878613451,16.41252441936184,1.6351204688517473,9214,11.5175,11.8125,0.3599162152982936,1.0,0.32230017187422527,0.34690699759354504,0.346906997593545,1.0,1.0
308512653,37.56786914793976,0.6037333333333333,1.8385777777777779,5625,7.03125,1.4075,0.20272327156937325,0.03187461360856982,0.4575762228921002,0.177558627848818,0.17755862784881798,0.11210666666666666,1.0
308512659,23.816437410889026,0.6915048223014929,1.177037917822698,7569,9.46125,1.16375,0.0,0.03724971194525091,0.01772719354031304,0.2692870287359034,0.2692870287359033,0.09130666666666667,1.0
308512668,41.212085828361445,1.9804878048780488,1.74579945799458,5535,6.91875,2.4525,0.25644622506899256,0.11618662377285882,0.395889155533377,0.17331194262256405,0.17331194262256408,0.20128000000000001,1.0
308512669,46.2938617800684,1.8756723528507762,1.7788535423390195,6507,8.13375,3.84,0.33136164231510573,0.10976775850722971,0.4178663753429302,0.21917614306610672,0.21917614306610667,0.31967999999999996,1.0
308512670,48.42147399578504,4.1451674588865215,1.7446866633885156,18303,22.87875,6.0075,0.36272684975302927,0.2487509239173994,0.39514927324211413,0.7757750200537914,0.7757750200537913,0.50464,1.0
308512701,28.60856676823368,0.08324382384532761,1.150375939849624,1862,2.3275,0.09375,0.07064545421020273,0.0,0.0,0.0,0.0,0.0,1.0
joinedS_308495714_4152158087,44.7978510821009,1.3296767493184474,1.7554199662469168,15406,19.2575,4.48375,0.3093074890608209,0.07633115973372089,0.4022857031532718,0.6390789411598169,0.6390789411598169,0.3746133333333333,1.0
joinedS_308495840_308495841,91.6499507051183,7.043157666449794,2.654391672088484,23055,28.81875,7.33625,1.0,0.42622293137123457,1.0,1.0,1.0,0.6180266666666666,1.0
