semaforo_id,delay,waiting_time,stops,flujo_vehicular,flujo_por_segundo,queue_length,delay_norm,waiting_time_norm,stops_norm,flujo_vehicular_norm,flujo_por_segundo_norm,queue_length_norm,road_rage
308495742,26.228845207296892,8.78817365269461,1.151946107784431,1336,6.68,6.215,0.6903085303812398,1.0,0.5192256282302619,0.40607985480943737,0.40607985480943737,1.0,1.0
308512653,15.505099184648019,0.06996381182147166,1.0820265379975875,829,4.145,0.055,0.24433789904730344,0.0,0.41725595445272834,0.17604355716878403,0.176043557168784,0.0,0.6648843051422537
308512659,21.173825654789887,1.4641275465013286,1.0894596988485385,1129,5.645,0.99,0.4800843926148659,0.15991399153340752,0.4280963670785227,0.3121597096188748,0.31215970961887474,0.15178571428571427,0.9198139650755637
308512668,33.675641996670464,4.779298545765611,1.4816082121471343,1169,5.845,3.05,1.0,0.5401722165329866,1.0,0.33030852994555354,0.33030852994555354,0.48620129870129863,1.0
308512669,27.406725842633396,1.5409674234945705,1.297137216189536,1013,5.065,1.4,0.7392932946107909,0.16872771343225393,0.7309702085330553,0.2595281306715064,0.2595281306715064,0.21834415584415584,1.0
308512670,18.920310899946227,0.47774244833068363,0.8608903020667726,2516,12.58,1.03,0.3863670110380013,0.04677320733867224,0.09475411545400116,0.941470054446461,0.941470054446461,0.15827922077922077,0.8008028970471336
308512701,9.629785007000029,0.3469387755102041,0.7959183673469388,441,2.205,0.18,0.0,0.03176970602269801,0.0,0.0,0.0,0.020292207792207792,0.42396691048408286
joinedS_308495714_4152158087,21.64595109834139,0.41502192982456143,1.2116228070175439,1824,9.12,1.4,0.49971877053511704,0.039579010404793356,0.6062572500132885,0.6274954627949183,0.6274954627949183,0.21834415584415584,0.9226033948108485
joinedS_308495840_308495841,22.24115755741531,0.6109640831758034,1.2090737240075615,2645,13.225,3.105,0.5244717439612506,0.0620540548150135,0.602539704785934,1.0,1.0,0.4951298701298701,0.950228532920431
