semaforo_id,delay,waiting_time,stops,flujo_vehicular,flujo_por_segundo,queue_length
cluster_1520634082_307862705,17.79265187183169,0.3652275379229872,1.0665110851808635,857,1.07125,0.19625
cluster_307862891_307862894_307862896_307862898,25.091084949730533,0.2787937119024703,0.9919794674366378,6234,7.7925,0.985
cluster_3701043284_4151921021,22.441839429233838,0.37545372050816694,0.963929219600726,4408,5.51,0.775
cluster_4152158088_4152159489_9467311858,36.25857766834475,3.1891045710707577,1.5291170945522856,1597,1.99625,1.42375
