semaforo_id,delay,waiting_time,stops,flujo_vehicular,flujo_por_segundo,queue_length,delay_norm,waiting_time_norm,stops_norm,flujo_vehicular_norm,flujo_por_segundo_norm,queue_length_norm,road_rage
308495742,48.460604205754976,11.558306261902095,1.7402262798252492,8927,11.15875,9.43125,0.4947553714752717,1.0,0.4575239361741393,0.37024,0.37023999999999996,1.0,1.0
308512653,50.13689077017336,2.758998435054773,2.050547730829421,6390,7.9875,3.64375,0.5297402285121812,0.21080615111613962,0.7191190625700682,0.23493333333333333,0.23493333333333333,0.36886586695747,1.0
308512659,26.63349786690787,0.7917558886509636,1.2561563169164882,7472,9.34,1.2375,0.039213812530106355,0.03436775988863753,0.049462093456448204,0.29264,0.29264,0.10646128680479826,1.0
308512668,54.00613076501145,2.5912977099236643,2.0491603053435115,6550,8.1875,3.82875,0.6104930132294349,0.19576537934963434,0.717949489070792,0.24346666666666666,0.24346666666666666,0.38904034896401307,1.0
308512669,51.29479220831491,1.922871551468407,1.9288045090477604,6742,8.4275,3.97,0.5539061540383272,0.13581545793917257,0.6164918243086921,0.2537066666666667,0.2537066666666667,0.40444383860414396,1.0
308512670,52.02039220884893,6.803275246693261,1.8543460004199035,19052,23.815,5.74125,0.56904975348218,0.5735299523213393,0.5537247068157581,0.91024,0.91024,0.5976008724100328,1.0
308512701,24.75458245460566,0.40856423173803524,1.1974811083123427,1985,2.48125,0.26125,0.0,0.0,0.0,0.0,0.0,0.0,1.0
joinedS_308495714_4152158087,45.34430999201204,1.2936507936507937,1.8465816772903387,16002,20.0025,5.47,0.4297169049821801,0.07938179731138902,0.5471795289562036,0.7475733333333333,0.7475733333333334,0.5680207197382771,1.0
joinedS_308495840_308495841,72.66921485255662,5.003327706775982,2.383747287195563,20735,25.91875,6.26375,1.0,0.412095944696071,1.0,1.0,1.0,0.6545801526717556,1.0
