semaforo_id,delay,waiting_time,stops,flujo_vehicular,flujo_por_segundo,queue_length
cluster_1520634082_307862705,16.394254286708925,0.6477541371158393,1.0283687943262412,846,1.0575,0.245
cluster_307862891_307862894_307862896_307862898,25.40283763170822,0.40069466371960843,0.9718976949794759,6334,7.9175,1.22625
cluster_3701043284_4151921021,21.852827019827135,0.29027932960893854,0.8972067039106145,4475,5.59375,0.70375
cluster_4152158088_4152159489_9467311858,35.6810342107987,3.1527320605661617,1.5194206714944043,1519,1.89875,1.22625
