semaforo_id,delay,waiting_time,stops,flujo_vehicular,flujo_por_segundo,queue_length,delay_norm,waiting_time_norm,stops_norm,flujo_vehicular_norm,flujo_por_segundo_norm,queue_length_norm,road_rage
cluster_1520634082_307862705,16.394254286708925,0.6477541371158393,1.0283687943262412,846,1.0575,0.245,0.0,0.12488409105968322,0.2107990132798873,0.0,0.0,0.0,0.7098600059837235
cluster_307862891_307862894_307862896_307862898,25.40283763170822,0.40069466371960843,0.9718976949794759,6334,7.9175,1.22625,0.4670859200165031,0.038573679459065265,0.12004068529497157,1.0,1.0,1.0,1.0
cluster_3701043284_4151921021,21.852827019827135,0.29027932960893854,0.8972067039106145,4475,5.59375,0.70375,0.2830214662376215,0.0,0.0,0.6612609329446064,0.6612609329446064,0.46751592356687893,0.9158069355416888
cluster_4152158088_4152159489_9467311858,35.6810342107987,3.1527320605661617,1.5194206714944043,1519,1.89875,1.22625,1.0,1.0,1.0,0.12263119533527697,0.12263119533527694,1.0,1.0
