semaforo_id,delay,waiting_time,stops,flujo_vehicular,flujo_por_segundo,queue_length
cluster_1520634082_307862705,16.824170161420174,0.5749718151071026,1.0496054114994362,887,1.10875,0.25375
cluster_307862891_307862894_307862896_307862898,24.45040381918503,0.4077685170624312,0.9687057713476962,6359,7.94875,1.2125
cluster_3701043284_4151921021,22.178680323006585,0.3972846650344981,0.9505898063654574,4493,5.61625,0.8225
cluster_4152158088_4152159489_9467311858,29.96811992278031,2.5280575539568346,1.3611510791366908,1390,1.7375,0.92
