semaforo_id,delay,waiting_time,stops,flujo_vehicular,flujo_por_segundo,queue_length,delay_norm,waiting_time_norm,stops_norm,flujo_vehicular_norm,flujo_por_segundo_norm,queue_length_norm,road_rage
cluster_1520634082_307862705,16.824170161420174,0.5749718151071026,1.0496054114994362,887,1.10875,0.25375,0.0,0.08339093809405088,0.24117132253034188,0.0,0.0,0.0,0.7264504592189264
cluster_307862891_307862894_307862896_307862898,24.45040381918503,0.4077685170624312,0.9687057713476962,6359,7.94875,1.2125,0.5802086736655097,0.0049202109161598385,0.04412487534432668,1.0,1.0,1.0,1.0
cluster_3701043284_4151921021,22.178680323006585,0.3972846650344981,0.9505898063654574,4493,5.61625,0.8225,0.4073745151801559,0.0,0.0,0.6589912280701754,0.6589912280701754,0.5932203389830509,0.9331164984755715
cluster_4152158088_4152159489_9467311858,29.96811992278031,2.5280575539568346,1.3611510791366908,1390,1.7375,0.92,1.0,1.0,1.0,0.09192251461988304,0.09192251461988306,0.6949152542372882,1.0
