semaforo_id,delay,waiting_time,stops,flujo_vehicular,flujo_por_segundo,queue_length,delay_norm,waiting_time_norm,stops_norm,flujo_vehicular_norm,flujo_por_segundo_norm,queue_length_norm,road_rage
308495742,45.15120196169864,8.175148377320369,1.891652986488193,7919,9.89875,7.82875,0.4462447376894676,1.0,0.5169141769749039,0.29943751528491075,0.29943751528491075,0.9391716338071223,1.0
308512653,39.70147441439559,0.3429470372312533,1.9652158713511625,5721,7.15125,0.89875,0.35219211037381204,0.02122957655802435,0.5672212950596525,0.19192956713132794,0.19192956713132797,0.09185388965306436,1.0
308512659,25.453095049101492,0.77523227695049,1.3297696321751304,7857,9.82125,1.47125,0.10629036525643139,0.07525117135054267,0.13266154321895218,0.2964049889948643,0.2964049889948643,0.161852361302155,1.0
308512668,52.11900634969528,0.9913449887484854,2.105937337718539,5777,7.22125,2.2225,0.5664966775569846,0.10225823121186525,0.6634558491937059,0.1946686231352409,0.19466862313524091,0.25370625095521937,1.0
308512669,60.15782618159649,3.64169459071326,2.342388702728578,8356,10.445,6.02125,0.7052324435461796,0.4334657282544295,0.8251567770871402,0.32081193445830275,0.3208119344583028,0.718172092312395,1.0
308512670,42.317608958358235,2.209608045071788,1.7464106136790452,16507,20.63375,3.83625,0.3973419504594321,0.2545014889787432,0.41758793095519436,0.7194913181707019,0.7194913181707019,0.45101635335473034,1.0
308512701,19.2942715469487,0.17306622148024486,1.135781858653311,1797,2.24625,0.1475,0.0,0.0,0.0,0.0,0.0,0.0,0.8206634606536855
joinedS_308495714_4152158087,45.61436742246672,1.3019764823617714,1.9546534901175883,15988,19.985,5.36375,0.45423815168842285,0.1410770645559567,0.5599980470730713,0.6941061384201517,0.6941061384201517,0.6377808344795965,1.0
joinedS_308495840_308495841,77.23765604181133,5.4854329646614515,2.598057728621527,22242,27.8025,8.32625,1.0,0.6638730570023085,1.0,1.0,1.0,1.0,1.0
