semaforo_id,delay,waiting_time,stops,flujo_vehicular,flujo_por_segundo,queue_length
308495742,54.82234023847633,14.613068844807469,1.913068844807468,8570,10.7125,8.9725
308512653,37.695321029979524,0.472961070988198,1.6115906288532675,5677,7.09625,0.92125
308512659,28.969730648695975,2.566872055092425,1.3866135073094117,8277,10.34625,2.95375
308512668,61.90629599971898,2.7579121789560896,2.2502071251035627,6035,7.54375,3.215
308512669,62.308159828421054,6.649372478709099,2.1343567906768266,8924,11.155,8.99
308512670,50.60675111980836,3.6066306682923996,1.7742553562097196,17223,21.52875,5.99375
308512701,15.429763823238437,0.2354247640199889,1.0599666851749028,1801,2.25125,0.13875
joinedS_308495714_4152158087,44.55723978954527,1.2092861214923671,1.7874833723950085,15787,19.73375,5.23125
joinedS_308495840_308495841,86.97034360315611,6.82978816718565,2.684399807026008,22801,28.50125,7.70375
