semaforo_id,delay,waiting_time,stops,flujo_vehicular,flujo_por_segundo,queue_length,delay_norm,waiting_time_norm,stops_norm,flujo_vehicular_norm,flujo_por_segundo_norm,queue_length_norm,road_rage
308495742,54.82234023847633,14.613068844807469,1.913068844807468,8570,10.7125,8.9725,0.5506326134960381,1.0,0.5251691486445573,0.32233333333333336,0.3223333333333333,0.9980228781245587,1.0
308512653,37.695321029979524,0.472961070988198,1.6115906288532675,5677,7.09625,0.92125,0.311229756247954,0.016521225983443525,0.33957935002566786,0.18457142857142858,0.1845714285714286,0.08840559243044767,1.0
308512659,28.969730648695975,2.566872055092425,1.3866135073094117,8277,10.34625,2.95375,0.18926274943690594,0.16215781097181953,0.20108357662781592,0.30838095238095237,0.3083809523809523,0.3180341759638469,1.0
308512668,61.90629599971898,2.7579121789560896,2.2502071251035627,6035,7.54375,3.215,0.6496527190506091,0.17544511470462976,0.7327112602655715,0.20161904761904761,0.20161904761904764,0.3475497811043638,1.0
308512669,62.308159828421054,6.649372478709099,2.1343567906768266,8924,11.155,8.99,0.6552700040927255,0.44610561220248335,0.6613938678359466,0.3391904761904762,0.33919047619047615,1.0,1.0
308512670,50.60675111980836,3.6066306682923996,1.7742553562097196,17223,21.52875,5.99375,0.49170676844926176,0.23447554309521937,0.43971565306477933,0.7343809523809524,0.7343809523809524,0.6614884903262251,1.0
308512701,15.429763823238437,0.2354247640199889,1.0599666851749028,1801,2.25125,0.13875,0.0,0.0,0.0,0.0,0.0,0.0,0.6642977156169334
joinedS_308495714_4152158087,44.55723978954527,1.2092861214923671,1.7874833723950085,15787,19.73375,5.23125,0.4071462106669042,0.0677344182398928,0.4478588114425247,0.666,0.666,0.5753424657534246,1.0
joinedS_308495840_308495841,86.97034360315611,6.82978816718565,2.684399807026008,22801,28.50125,7.70375,1.0,0.4586539606984401,1.0,1.0,1.0,0.8546815421550629,1.0
