semaforo_id,delay,waiting_time,stops,flujo_vehicular,flujo_por_segundo,queue_length,delay_norm,waiting_time_norm,stops_norm,flujo_vehicular_norm,flujo_por_segundo_norm,queue_length_norm,road_rage
cluster_1520634082_307862705,17.126361038879764,0.6240090600226501,1.1041902604756513,883,1.10375,0.29,0.0,0.16640949645577485,0.41455886032553196,0.0,0.0,0.0,0.7417022331746698
cluster_307862891_307862894_307862896_307862898,25.134045414897773,0.38110336081166774,0.9830374128091313,6308,7.885,1.13625,0.601333901604993,0.07974139154156505,0.1149877397300759,1.0,1.0,0.9363762102351313,1.0
cluster_3701043284_4151921021,22.496090613329198,0.1576112412177986,0.9365339578454333,4270,5.3375,0.38,0.40323772565734983,0.0,0.0,0.6243317972350231,0.6243317972350231,0.09958506224066392,0.9404572076713412
cluster_4152158088_4152159489_9467311858,30.442896751642778,2.960322797579018,1.3409549428379288,1487,1.85875,1.19375,1.0,1.0,1.0,0.11133640552995391,0.1113364055299539,1.0,1.0
