semaforo_id,delay,waiting_time,stops,flujo_vehicular,flujo_por_segundo,queue_length
308495742,46.5673030039059,16.14025481731073,1.6287248604822575,9497,11.87125,12.2925
308512653,36.78096323193606,0.6143320129636298,1.7054375225063019,5554,6.9425,0.7975
308512659,24.358405142257737,1.0284040249649726,1.2341103044198192,7851,9.81375,1.45
308512668,38.62613787846016,0.8736722306525038,1.6811456752655538,5272,6.59,1.51
308512669,48.22381489529769,4.582642180094787,1.79739336492891,6752,8.44,5.78375
308512670,40.23606328083049,2.731173434487905,1.6084820595734095,16081,20.10125,1.78875
308512701,26.688117220928277,0.014845605700712588,1.090855106888361,1684,2.105,0.03125
joinedS_308495714_4152158087,42.759113624792604,1.1508515815085159,1.7259342441824195,16029,20.03625,5.23125
joinedS_308495840_308495841,74.76698019795005,4.199401473296501,2.481123388581952,21720,27.15,6.955
