semaforo_id,delay,waiting_time,stops,flujo_vehicular,flujo_por_segundo,queue_length,delay_norm,waiting_time_norm,stops_norm,flujo_vehicular_norm,flujo_por_segundo_norm,queue_length_norm,road_rage
308495742,46.5673030039059,16.14025481731073,1.6287248604822575,9497,11.87125,12.2925,0.44057777545013654,1.0,0.3868819857838349,0.38994809343182274,0.38994809343182274,1.0,1.0
308512653,36.78096323193606,0.6143320129636298,1.7054375225063019,5554,6.9425,0.7975,0.2464373983187118,0.037176508167699546,0.44206030138965086,0.19315232581353564,0.19315232581353567,0.06249362830054032,1.0
308512659,24.358405142257737,1.0284040249649726,1.2341103044198192,7851,9.81375,1.45,0.0,0.0628547409844654,0.10304140533001889,0.30779596725893393,0.30779596725893393,0.11571006218778672,1.0
308512668,38.62613787846016,0.8736722306525038,1.6811456752655538,5272,6.59,1.51,0.28304177851564294,0.053259214304679524,0.42458752468848326,0.17907766021161908,0.17907766021161908,0.12060352737282087,1.0
308512669,48.22381489529769,4.582642180094787,1.79739336492891,6752,8.44,5.78375,0.4734394837916568,0.28326701756538,0.5082028176460023,0.2529446995408265,0.2529446995408265,0.4691609746151494,1.0
308512670,40.23606328083049,2.731173434487905,1.6084820595734095,16081,20.10125,1.78875,0.31497930899714643,0.16845016415654637,0.3723216299335319,0.7185565981233779,0.718556598123378,0.14333775104495872,1.0
308512701,26.688117220928277,0.014845605700712588,1.090855106888361,1684,2.105,0.03125,0.04621658271626665,0.0,0.0,0.0,0.0,0.0,1.0
joinedS_308495714_4152158087,42.759113624792604,1.1508515815085159,1.7259342441824195,16029,20.03625,5.23125,0.36503131584666754,0.07044819519928204,0.45680329879958165,0.7159612697145139,0.7159612697145139,0.4241003160362932,1.0
joinedS_308495840_308495841,74.76698019795005,4.199401473296501,2.481123388581952,21720,27.15,6.955,1.0,0.2595007551549749,1.0,1.0,1.0,0.5646854929146702,1.0
