semaforo_id,delay,waiting_time,stops,flujo_vehicular,flujo_por_segundo,queue_length,delay_norm,waiting_time_norm,stops_norm,flujo_vehicular_norm,flujo_por_segundo_norm,queue_length_norm,road_rage
308495742,23.592085441564528,4.929553264604811,1.1142611683848798,1164,5.82,4.34,0.6135302011850069,1.0,0.3806362540152063,0.27404044572843583,0.27404044572843583,0.9549071618037135,1.0
308512653,24.234388273188802,1.2584269662921348,1.3134831460674157,890,4.45,1.02,0.6633519779086386,0.1689724195064654,0.8013098132849031,0.16095749071399093,0.16095749071399093,0.07427055702917773,1.0
308512659,20.33790433375164,0.5119787045252884,1.1162377994676131,1127,5.635,0.855,0.3611117521463853,0.0,0.38481007280071,0.25877011968633923,0.25877011968633923,0.03050397877984085,0.8684052594192759
308512668,25.31767434285645,0.7718120805369127,1.29082774049217,894,4.47,0.74,0.7473796888784284,0.058818107646596694,0.7534710647145811,0.16260833677259595,0.16260833677259592,0.0,1.0
308512669,28.574457858612263,2.8475046210720887,1.4075785582255083,1082,5.41,3.135,1.0,0.5286896428760577,1.0,0.2401981015270326,0.2401981015270326,0.6352785145888594,1.0
308512670,27.2689851804981,2.765993841943209,1.2346903865891208,2923,14.615,4.51,0.8987378459420334,0.5102381650299401,0.6349324338411838,1.0,1.0,1.0,1.0
308512701,15.682448101770058,2.666,0.934,500,2.5,1.09,0.0,0.48760270283608664,0.0,0.0,0.0,0.09283819628647218,0.7179779240708024
joinedS_308495714_4152158087,21.890774611360794,0.7734836285560923,1.2190016103059582,1863,9.315,1.645,0.48156390095002655,0.05919649356775011,0.6018042948858473,0.5625257944696657,0.5625257944696657,0.24005305039787803,0.939860721437792
joinedS_308495840_308495841,22.75258100966515,0.5205138831330294,1.339411520928305,2413,12.065,2.08,0.5484120041208272,0.0019320961065085805,0.8560597051677676,0.7895171275278581,0.789517127527858,0.3554376657824934,0.9740899788863988
