semaforo_id,delay,waiting_time,stops,flujo_vehicular,flujo_por_segundo,queue_length,delay_norm,waiting_time_norm,stops_norm,flujo_vehicular_norm,flujo_por_segundo_norm,queue_length_norm,road_rage
cluster_1520634082_307862705,16.6093240922296,0.6785290628706999,0.9655990510083037,843,1.05375,0.26375,0.0,0.138436627265065,0.057143907072766,0.0,0.0,0.0,0.7165675069869301
cluster_307862891_307862894_307862896_307862898,25.59917743883239,0.4075299306868305,0.9976370510396976,6348,7.935,1.255,0.48107748685059853,0.03523758118516803,0.11086928576670056,1.0,1.0,1.0,1.0
cluster_3701043284_4151921021,21.75525491049252,0.3149965761241726,0.9315224834512669,4381,5.47625,0.73625,0.2753761791333873,0.0,0.0,0.6426884650317893,0.6426884650317893,0.4766708701134931,0.9137710272802351
cluster_4152158088_4152159489_9467311858,35.29623751537767,2.9409814323607426,1.5278514588859415,1508,1.885,1.2325,1.0,1.0,1.0,0.12079927338782924,0.12079927338782925,0.9773013871374527,1.0
