semaforo_id,delay,waiting_time,stops,flujo_vehicular,flujo_por_segundo,queue_length
308495742,46.11168159310062,14.040259597404026,1.6867231327686723,9091,11.36375,11.9775
308512653,33.60228576612334,0.5408716961316297,1.72378785226676,5713,7.14125,0.89375
308512659,28.767239298351598,2.0217391304347827,1.3633365901319003,8188,10.235,2.69
308512668,49.570452714620295,2.2777207392197125,1.9187200547570158,5844,7.305,2.84125
308512669,49.21924687426428,2.04793152639087,1.8853067047075607,7010,8.7625,3.87375
308512670,47.07237424790912,1.7131787675411836,1.7771812080536913,16390,20.4875,5.03875
308512701,21.084247435492752,0.09045504994450611,0.9833518312985572,1802,2.2525,0.0775
joinedS_308495714_4152158087,51.000817034593865,2.139476213358962,2.0573642479577128,16648,20.81,6.125
joinedS_308495840_308495841,71.35940732475666,4.656089682690481,2.4873171195135853,21052,26.315,7.49125
