semaforo_id,delay,waiting_time,stops,flujo_vehicular,flujo_por_segundo,queue_length,delay_norm,waiting_time_norm,stops_norm,flujo_vehicular_norm,flujo_por_segundo_norm,queue_length_norm,road_rage
308495742,46.11168159310062,14.040259597404026,1.6867231327686723,9091,11.36375,11.9775,0.49780914098997014,1.0,0.46767788258258736,0.3786493506493506,0.3786493506493507,1.0,1.0
308512653,33.60228576612334,0.5408716961316297,1.72378785226676,5713,7.14125,0.89375,0.24899052252052153,0.0322883840167604,0.49232254678363274,0.20316883116883117,0.20316883116883117,0.06859243697478992,1.0
308512659,28.767239298351598,2.0217391304347827,1.3633365901319003,8188,10.235,2.69,0.15281884492821918,0.13844524300822508,0.25265527190745585,0.3317402597402597,0.3317402597402597,0.21953781512605045,1.0
308512668,49.570452714620295,2.2777207392197125,1.9187200547570158,5844,7.305,2.84125,0.5666059609133273,0.15679543622520087,0.6219347153740461,0.20997402597402598,0.20997402597402598,0.2322478991596639,1.0
308512669,49.21924687426428,2.04793152639087,1.8853067047075607,7010,8.7625,3.87375,0.5596202876478502,0.14032286042336353,0.5997178794461959,0.27054545454545453,0.27054545454545453,0.31901260504201684,1.0
308512670,47.07237424790912,1.7131787675411836,1.7771812080536913,16390,20.4875,5.03875,0.5169178351626893,0.1163259106660531,0.5278242676047966,0.7578181818181818,0.7578181818181818,0.4169117647058824,1.0
308512701,21.084247435492752,0.09045504994450611,0.9833518312985572,1802,2.2525,0.0775,0.0,0.0,0.0,0.0,0.0,0.0,0.8845130716705425
joinedS_308495714_4152158087,51.000817034593865,2.139476213358962,2.0573642479577128,16648,20.81,6.125,0.5950566773928788,0.14688529552104837,0.7141204820849559,0.7712207792207793,0.7712207792207791,0.5081932773109245,1.0
joinedS_308495840_308495841,71.35940732475666,4.656089682690481,2.4873171195135853,21052,26.315,7.49125,1.0,0.327290222397951,1.0,1.0,1.0,0.6230042016806724,1.0
