semaforo_id,delay,waiting_time,stops,flujo_vehicular,flujo_por_segundo,queue_length
cluster_1520634082_307862705,17.282652732521147,0.6766109785202864,1.0859188544152745,838,1.0475,0.27625
cluster_307862891_307862894_307862896_307862898,25.572635852579527,0.3967244394975354,1.0244871998727938,6289,7.86125,1.13375
cluster_3701043284_4151921021,21.876177347146275,0.3004301562146253,0.9452116821371972,4417,5.52125,0.65375
cluster_4152158088_4152159489_9467311858,35.00771322014628,2.8095890410958906,1.5404109589041095,1460,1.825,1.15
