semaforo_id,delay,waiting_time,stops,flujo_vehicular,flujo_por_segundo,queue_length,delay_norm,waiting_time_norm,stops_norm,flujo_vehicular_norm,flujo_por_segundo_norm,queue_length_norm,road_rage
cluster_1520634082_307862705,17.282652732521147,0.6766109785202864,1.0859188544152745,838,1.0475,0.27625,0.0,0.14992307763860963,0.2364034664867041,0.0,0.0,0.0,0.7482750830478626
cluster_307862891_307862894_307862896_307862898,25.572635852579527,0.3967244394975354,1.0244871998727938,6289,7.86125,1.13375,0.46769843893317525,0.03837711667568104,0.13319155588732665,1.0,1.0,0.9814020028612305,1.0
cluster_3701043284_4151921021,21.876177347146275,0.3004301562146253,0.9452116821371972,4417,5.52125,0.65375,0.25915424197463965,0.0,0.0,0.6565767749036874,0.6565767749036874,0.43204577968526475,0.9188641642956314
cluster_4152158088_4152159489_9467311858,35.00771322014628,2.8095890410958906,1.5404109589041095,1460,1.825,1.15,1.0,1.0,1.0,0.11410750321042011,0.11410750321042008,1.0,1.0
