semaforo_id,delay,waiting_time,stops,flujo_vehicular,flujo_por_segundo,queue_length
cluster_1520634082_307862705,12.608669867597396,0.0,0.34285714285714286,105,0.525,0.0
cluster_307862891_307862894_307862896_307862898,19.811497664403916,0.5467775467775468,0.7221067221067221,1443,7.215,1.245
cluster_3701043284_4151921021,16.468823093723817,0.022277227722772276,0.6448019801980198,808,4.04,0.06
cluster_4152158088_4152159489_9467311858,24.4371978385703,2.789719626168224,1.02803738317757,214,1.07,0.695
