semaforo_id,delay,waiting_time,stops,flujo_vehicular,flujo_por_segundo,queue_length,delay_norm,waiting_time_norm,stops_norm,flujo_vehicular_norm,flujo_por_segundo_norm,queue_length_norm,road_rage
308495742,48.755583041379985,15.870637023384402,1.7041815459048497,8681,10.85125,9.65625,0.4512617496718666,1.0,0.4182122790526863,0.3330757714782441,0.3330757714782441,1.0,1.0
308512653,38.681482531804875,0.6746690203000882,1.7525154457193293,5665,7.08125,1.18125,0.2626226940064222,0.039252969341929386,0.45561036462568777,0.18742454242526682,0.18742454242526682,0.11799141407571222,1.0
308512659,24.656351806976225,0.8932883292223809,1.2795014929248345,7703,9.62875,1.1475,0.0,0.05307491552192798,0.08961845518467068,0.2858453663012508,0.2858453663012508,0.11447899050344736,1.0
308512668,47.262688800991704,2.5101200686106346,1.8773584905660377,5830,7.2875,2.4425,0.42330707923279787,0.1552971821373685,0.5522069747128503,0.19539286231709083,0.19539286231709083,0.24925198386886951,1.0
308512669,50.332029756110906,4.1222018865268195,1.8406307194143319,7103,8.87875,4.95,0.48078095282961586,0.25721914060862083,0.5237890665012388,0.2568696576037089,0.2568696576037089,0.5102120463119552,1.0
308512670,42.46318292142491,3.981993017700741,1.5530715991915232,16327,20.40875,3.3275,0.33343560575268927,0.2483546013855032,0.30129180005538175,0.7023228859805862,0.7023228859805863,0.34135553531937035,1.0
308512701,26.972327683074383,0.053811659192825115,1.163677130044843,1784,2.23,0.0475,0.04336699855196629,0.0,0.0,0.0,0.0,0.0,1.0
joinedS_308495714_4152158087,46.703422283154076,1.538950121427237,1.8780123295348403,16059,20.07375,5.59625,0.4128347291018936,0.09389611556290453,0.5527128789705267,0.6893804027623509,0.6893804027623509,0.5774684532327305,1.0
joinedS_308495840_308495841,78.06045984832348,6.550753634787248,2.4560935485305233,22491,28.11375,8.1725,1.0,0.41076144080740384,1.0,1.0,1.0,0.8455834525822817,1.0
