semaforo_id,delay,waiting_time,stops,flujo_vehicular,flujo_por_segundo,queue_length
308495742,48.755583041379985,15.870637023384402,1.7041815459048497,8681,10.85125,9.65625
308512653,38.681482531804875,0.6746690203000882,1.7525154457193293,5665,7.08125,1.18125
308512659,24.656351806976225,0.8932883292223809,1.2795014929248345,7703,9.62875,1.1475
308512668,47.262688800991704,2.5101200686106346,1.8773584905660377,5830,7.2875,2.4425
308512669,50.332029756110906,4.1222018865268195,1.8406307194143319,7103,8.87875,4.95
308512670,42.46318292142491,3.981993017700741,1.5530715991915232,16327,20.40875,3.3275
308512701,26.972327683074383,0.053811659192825115,1.163677130044843,1784,2.23,0.0475
joinedS_308495714_4152158087,46.703422283154076,1.538950121427237,1.8780123295348403,16059,20.07375,5.59625
joinedS_308495840_308495841,78.06045984832348,6.550753634787248,2.4560935485305233,22491,28.11375,8.1725
