semaforo_id,delay,waiting_time,stops,flujo_vehicular,flujo_por_segundo,queue_length
cluster_1520634082_307862705,18.509357698403214,0.40985442329227323,1.0716685330347144,893,1.11625,0.28125
cluster_307862891_307862894_307862896_307862898,25.963149527628037,0.3900223143130379,1.0525980235894166,6274,7.8425,1.245
cluster_3701043284_4151921021,22.12925369961146,0.2406147091108672,0.9361141602634467,4555,5.69375,0.5725
cluster_4152158088_4152159489_9467311858,36.81706200645266,3.2046783625730995,1.424301494476933,1539,1.92375,1.28625
