semaforo_id,delay,waiting_time,stops,flujo_vehicular,flujo_por_segundo,queue_length,delay_norm,waiting_time_norm,stops_norm,flujo_vehicular_norm,flujo_por_segundo_norm,queue_length_norm,road_rage
cluster_1520634082_307862705,17.62293595211639,0.5115740740740741,1.1145833333333333,864,1.08,0.2125,0.0,0.08949146010714812,0.3381432117252483,0.0,0.0,0.0,0.7597322528994704
cluster_307862891_307862894_307862896_307862898,25.36911502908327,0.3713663920410384,0.9881859163687238,6433,8.04125,1.16125,0.4688059947247589,0.038076621650873645,0.13032039181158128,1.0,1.0,0.9523212045169385,1.0
cluster_3701043284_4151921021,21.747973018751562,0.2675318761384335,0.9089253187613844,4392,5.49,0.61125,0.24965109715196837,0.0,0.0,0.6335069132698868,0.633506913269887,0.40025094102885816,0.9116265710232866
cluster_4152158088_4152159489_9467311858,34.14614419631717,2.9945205479452053,1.5171232876712328,1460,1.825,1.20875,1.0,1.0,1.0,0.10702100915783803,0.10702100915783802,1.0,1.0
