semaforo_id,delay,waiting_time,stops,flujo_vehicular,flujo_por_segundo,queue_length,delay_norm,waiting_time_norm,stops_norm,flujo_vehicular_norm,flujo_por_segundo_norm,queue_length_norm,road_rage
cluster_1520634082_307862705,15.164944786461838,0.5759717314487632,0.8574793875147232,849,1.06125,0.23,0.0,0.11489248401581238,0.0,0.0,0.0,0.0,0.6524164015880378
cluster_307862891_307862894_307862896_307862898,24.696723880659658,0.3821922211507554,0.9778206364513018,6222,7.7775,1.11875,0.5407685677953388,0.04775123524578317,0.284510977900765,1.0,1.0,0.9186046511627906,1.0
cluster_3701043284_4151921021,21.7739166716682,0.244375139229227,0.9267097349075518,4489,5.61125,0.6425,0.37494828883919706,0.0,0.16367450073186307,0.6774613809789689,0.6774613809789689,0.4263565891472868,0.9129125590476147
cluster_4152158088_4152159489_9467311858,32.79130042517428,3.1305220883534135,1.2804551539491298,1494,1.8675,1.1975,1.0,1.0,1.0,0.12004466778336124,0.12004466778336124,1.0,1.0
