semaforo_id,delay,waiting_time,stops,flujo_vehicular,flujo_por_segundo,queue_length
308495742,52.451077466192665,16.987806294274765,1.7359191731506214,8611,10.76375,10.17125
308512653,43.35114020314671,1.5163988192850115,1.8478189570350936,6098,7.6225,2.2
308512659,24.16262868545596,1.1973530556636824,1.2886985857013105,7707,9.63375,1.58625
308512668,53.74805865742953,1.4800414722654225,2.119578365301538,5787,7.23375,2.31125
308512669,59.379315432757956,4.839749645725083,2.127420878601795,8468,10.585,6.06375
308512670,36.43362288816957,1.2358967623300716,1.4894595127076904,15227,19.03375,2.49625
308512701,23.381494036655663,0.18501529051987767,1.2003058103975535,1962,2.4525,0.13875
joinedS_308495714_4152158087,46.26161271481451,1.4955960798908323,1.893189430591738,16122,20.1525,5.4075
joinedS_308495840_308495841,78.7422468661498,6.924863450681599,2.318171386606692,21787,27.23375,7.645
