semaforo_id,delay,waiting_time,stops,flujo_vehicular,flujo_por_segundo,queue_length,delay_norm,waiting_time_norm,stops_norm,flujo_vehicular_norm,flujo_por_segundo_norm,queue_length_norm,road_rage
308495742,52.451077466192665,16.987806294274765,1.7359191731506214,8611,10.76375,10.17125,0.525093716103691,1.0,0.4791393295868531,0.3353846153846154,0.33538461538461534,1.0,1.0
308512653,43.35114020314671,1.5163988192850115,1.8478189570350936,6098,7.6225,2.2,0.3607184719470067,0.07923585602341969,0.5792406174929915,0.20862547288776798,0.20862547288776798,0.20545726389234986,1.0
308512659,24.16262868545596,1.1973530556636824,1.2886985857013105,7707,9.63375,1.58625,0.014109899321747258,0.060248191203329235,0.07907281267530492,0.2897856242118537,0.28978562421185367,0.14428108646897583,1.0
308512668,53.74805865742953,1.4800414722654225,2.119578365301538,5787,7.23375,2.31125,0.5485215259680447,0.07707208769401154,0.822346241326605,0.19293820933165196,0.19293820933165196,0.2165462247694991,1.0
308512669,59.379315432757956,4.839749645725083,2.127420878601795,8468,10.585,6.06375,0.6502408214529194,0.2770214992357532,0.829361855249392,0.32817150063051703,0.32817150063051703,0.5905806130077248,1.0
308512670,36.43362288816957,1.2358967623300716,1.4894595127076904,15227,19.03375,2.49625,0.23576501735287503,0.06254207837110844,0.25866589728140976,0.6691046658259773,0.6691046658259774,0.2349862945427361,1.0
308512701,23.381494036655663,0.18501529051987767,1.2003058103975535,1962,2.4525,0.13875,0.0,0.0,0.0,0.0,0.0,0.0,0.9869722996925263
joinedS_308495714_4152158087,46.26161271481451,1.4955960798908323,1.893189430591738,16122,20.1525,5.4075,0.4132913211752637,0.07799780340528438,0.6198273163968999,0.714249684741488,0.714249684741488,0.5251682033391477,1.0
joinedS_308495840_308495841,78.7422468661498,6.924863450681599,2.318171386606692,21787,27.23375,7.645,1.0,0.40111480043140335,1.0,1.0,1.0,0.7481933715424869,1.0
