generacion,max,mean,min
1,0.068444,0.0668183,0.064624
2,0.06851,0.06730299999999999,0.065949
3,0.069124,0.0675374,0.065481
4,0.069574,0.0675257,0.065652
5,0.069705,0.0679202,0.066192
6,0.068584,0.06747679999999999,0.066263
7,0.068335,0.06742909999999999,0.066749
8,0.069373,0.068128,0.066542
