generacion,max,mean,min
1,0.276068,0.26777799999999996,0.261882
2,0.277102,0.269573375,0.26331
