semaforo_id,delay,waiting_time,stops,flujo_vehicular,flujo_por_segundo,queue_length
308495742,25.524666598735482,7.662650602409639,1.2674698795180723,1245,6.225,6.025
308512653,21.764399107950304,0.5673603504928806,1.3483023001095291,913,4.565,0.49
308512659,21.23167483732483,1.1215986394557824,1.1403061224489797,1176,5.88,1.28
308512668,16.929193912832634,0.23842592592592593,1.1388888888888888,864,4.32,0.26
308512669,26.834758782243565,0.7841860465116279,1.455813953488372,1075,5.375,1.49
308512670,20.30544916654789,0.4348502528199144,1.0136133800077791,2571,12.855,1.065
308512701,15.347575179767363,2.332,0.99,500,2.5,1.24
joinedS_308495714_4152158087,23.892448283657583,0.750683433570257,1.2536905412793877,1829,9.145,1.92
joinedS_308495840_308495841,24.10354200702589,0.503968253968254,1.3555555555555556,2520,12.6,2.495
