semaforo_id,delay,waiting_time,stops,flujo_vehicular,flujo_por_segundo,queue_length,delay_norm,waiting_time_norm,stops_norm,flujo_vehicular_norm,flujo_por_segundo_norm,queue_length_norm,road_rage
cluster_1520634082_307862705,15.688216195052997,0.6860335195530727,0.9698324022346368,895,1.11875,0.37125,0.0,0.21758098162763512,0.11861585829341226,0.0,0.0,0.0,0.6800426142825668
cluster_307862891_307862894_307862896_307862898,24.65134037717899,0.40709266219970586,0.9714005556463474,6119,7.64875,1.17,0.6390360312174297,0.08371258456857858,0.12194895887580436,1.0,1.0,1.0,1.0
cluster_3701043284_4151921021,21.678717132724795,0.23266120097496124,0.9140261466873476,4513,5.64125,0.66,0.42709950977227973,0.0,0.0,0.692572741194487,0.6925727411944872,0.36150234741784043,0.908362955195985
cluster_4152158088_4152159489_9467311858,29.71422371930842,2.3163558106169297,1.3845050215208035,1394,1.7425,0.95125,1.0,1.0,1.0,0.09552067381316999,0.09552067381317,0.7261345852895151,1.0
