semaforo_id,delay,waiting_time,stops,flujo_vehicular,flujo_por_segundo,queue_length
cluster_1520634082_307862705,15.688216195052997,0.6860335195530727,0.9698324022346368,895,1.11875,0.37125
cluster_307862891_307862894_307862896_307862898,24.65134037717899,0.40709266219970586,0.9714005556463474,6119,7.64875,1.17
cluster_3701043284_4151921021,21.678717132724795,0.23266120097496124,0.9140261466873476,4513,5.64125,0.66
cluster_4152158088_4152159489_9467311858,29.71422371930842,2.3163558106169297,1.3845050215208035,1394,1.7425,0.95125
