semaforo_id,delay,waiting_time,stops,flujo_vehicular,flujo_por_segundo,queue_length,delay_norm,waiting_time_norm,stops_norm,flujo_vehicular_norm,flujo_por_segundo_norm,queue_length_norm,road_rage
308495742,47.74061674516739,9.827690870884894,1.7711884193322438,8566,10.7075,8.5,0.45422826699449687,1.0,0.522634811825076,0.3235265977803291,0.3235265977803291,1.0,1.0
308512653,53.26860732038683,2.981565380409311,2.210123418215904,6401,8.00125,4.05875,0.5483772443649222,0.289469711514618,0.8542009549443587,0.21995790279372368,0.2199579027937237,0.47206537890044575,1.0
308512659,23.897563476508566,0.19488215488215488,1.2395959595959596,7425,9.28125,0.6375,0.04814959300115471,0.0002516948560249694,0.12107635320517092,0.26894374282433986,0.26894374282433986,0.06537890044576522,1.0
308512668,53.93302840457968,4.451512915129151,2.0832472324723246,6775,8.46875,5.57,0.5596932125759612,0.44202932313083887,0.7583602321319259,0.23784921546115576,0.23784921546115576,0.6517087667161962,1.0
308512669,49.21202794241037,2.808710264668814,1.8904915277972272,7141,8.92625,4.5975,0.479288342193037,0.27152981318465946,0.6127549244533255,0.25535782625334863,0.25535782625334863,0.5361069836552749,1.0
308512670,47.048737591509614,4.964901047729919,1.7021536670547148,17180,21.475,4.9875,0.4424446516112147,0.49531169700337135,0.47048680218339717,0.7356008419441256,0.7356008419441256,0.5824665676077265,1.0
308512701,21.07044305794259,0.19245701608430393,1.079312257348863,1803,2.25375,0.0875,0.0,0.0,0.0,0.0,0.0,0.0,0.8898393529333442
joinedS_308495714_4152158087,46.76093366562714,1.2192803368635958,1.8778231466122242,15674,19.5925,5.2875,0.43754297080399795,0.1065696314436307,0.6031853838613034,0.6635572139303483,0.6635572139303483,0.6181277860326894,1.0
joinedS_308495840_308495841,79.78579748468044,8.79556964812613,2.4031355969524815,22707,28.38375,8.0225,1.0,0.8928805218106328,1.0,1.0,1.0,0.9432392273402675,1.0
