semaforo_id,delay,waiting_time,stops,flujo_vehicular,flujo_por_segundo,queue_length
308495742,26.90961620899928,7.344909234411997,1.2809786898184687,1267,6.335,5.62
308512653,19.681463619410497,0.16,1.2858823529411765,850,4.25,0.26
308512659,21.59243586127652,1.511354079058032,1.2842724978973927,1189,5.945,1.43
308512668,20.431680079693407,0.7292134831460674,1.2191011235955056,890,4.45,0.82
308512669,28.247569551798403,0.5813084112149532,1.5018691588785047,1070,5.35,1.395
308512670,24.736431033353917,1.8829516539440203,1.1861141403126136,2751,13.755,4.0
308512701,14.351127604811126,1.1030927835051547,1.0474226804123712,485,2.425,0.88
joinedS_308495714_4152158087,20.949301506926123,0.5158069883527454,1.2318358291735996,1803,9.015,1.605
joinedS_308495840_308495841,24.137456416114308,0.46116307442049614,1.2838552257015048,2459,12.295,2.2
