semaforo_id,delay,waiting_time,stops,flujo_vehicular,flujo_por_segundo,queue_length
308495742,47.74061674516739,9.827690870884894,1.7711884193322438,8566,10.7075,8.5
308512653,53.26860732038683,2.981565380409311,2.210123418215904,6401,8.00125,4.05875
308512659,23.897563476508566,0.19488215488215488,1.2395959595959596,7425,9.28125,0.6375
308512668,53.93302840457968,4.451512915129151,2.0832472324723246,6775,8.46875,5.57
308512669,49.21202794241037,2.808710264668814,1.8904915277972272,7141,8.92625,4.5975
308512670,47.048737591509614,4.964901047729919,1.7021536670547148,17180,21.475,4.9875
308512701,21.07044305794259,0.19245701608430393,1.079312257348863,1803,2.25375,0.0875
joinedS_308495714_4152158087,46.76093366562714,1.2192803368635958,1.8778231466122242,15674,19.5925,5.2875
joinedS_308495840_308495841,79.78579748468044,8.79556964812613,2.4031355969524815,22707,28.38375,8.0225
