semaforo_id,delay,waiting_time,stops,flujo_vehicular,flujo_por_segundo,queue_length,delay_norm,waiting_time_norm,stops_norm,flujo_vehicular_norm,flujo_por_segundo_norm,queue_length_norm,road_rage
308495742,26.90961620899928,7.344909234411997,1.2809786898184687,1267,6.335,5.62,0.9037197184787875,1.0,0.5139351287183596,0.3451015004413063,0.3451015004413062,1.0,1.0
308512653,19.681463619410497,0.16,1.2858823529411765,850,4.25,0.26,0.3835755968998221,0.0,0.5247255371714271,0.16107678729037953,0.16107678729037953,0.0,0.841893838894067
308512659,21.59243586127652,1.511354079058032,1.2842724978973927,1189,5.945,1.43,0.5210908147632205,0.18808227563763025,0.5211830847153812,0.3106796116504854,0.3106796116504854,0.2182835820895522,0.9452954159481173
308512668,20.431680079693407,0.7292134831460674,1.2191011235955056,890,4.45,0.82,0.437561823240699,0.07922347584014414,0.37777483448125854,0.1787290379523389,0.17872903795233894,0.10447761194029849,0.880615517794478
308512669,28.247569551798403,0.5813084112149532,1.5018691588785047,1070,5.35,1.395,1.0,0.058637958736779024,1.0,0.2581641659311562,0.25816416593115615,0.21175373134328357,1.0
308512670,24.736431033353917,1.8829516539440203,1.1861141403126136,2751,13.755,4.0,0.7473354307642975,0.2398014501967504,0.30518766559344807,1.0,1.0,0.6977611940298507,1.0
308512701,14.351127604811126,1.1030927835051547,1.0474226804123712,485,2.425,0.88,0.0,0.13126022232657142,0.0,0.0,0.0,0.11567164179104476,0.638003867079043
joinedS_308495714_4152158087,20.949301506926123,0.5158069883527454,1.2318358291735996,1803,9.015,1.605,0.47481030952282494,0.04952143120314089,0.4057972885688701,0.5816416593115622,0.5816416593115622,0.2509328358208955,0.8975616332110439
joinedS_308495840_308495841,24.137456416114308,0.46116307442049614,1.2838552257015048,2459,12.295,2.2,0.7042326984588195,0.041916058309836524,0.5202648859490572,0.8711385701676964,0.8711385701676964,0.3619402985074627,1.0
