semaforo_id,delay,waiting_time,stops,flujo_vehicular,flujo_por_segundo,queue_length,delay_norm,waiting_time_norm,stops_norm,flujo_vehicular_norm,flujo_por_segundo_norm,queue_length_norm,road_rage
308495742,51.065266606636335,15.33636157165569,1.6521689756983875,8806,11.0075,10.2,0.4277863467217021,1.0,0.432218536675147,0.3384067045564011,0.3384067045564012,1.0,1.0
308512653,40.29635356313901,0.4107972828030032,1.8845191276367537,5594,6.9925,0.84375,0.2708093324201597,0.023638443905524355,0.6004045868698928,0.1837009921972835,0.18370099219728353,0.07615403604048383,1.0
308512659,24.021820284811806,0.7824589295177531,1.1800476947535772,7548,9.435,1.3,0.03357762362429965,0.04795083415786921,0.09047478143088705,0.27781523937963587,0.2778152393796359,0.12120464082942484,1.0
308512668,61.819322551803445,3.9560889929742387,2.196282201405152,6832,8.54,5.0425,0.5845467910753175,0.25555507124114074,0.8260734729724033,0.24332915904055485,0.24332915904055488,0.49074302641323136,1.0
308512669,52.17496335008938,2.137891574881991,1.933485910456301,6991,8.73875,4.67625,0.44396224867799006,0.13661698447537973,0.6358490646309756,0.25098738079183125,0.25098738079183125,0.45457911626758823,1.0
308512670,47.69806826712588,5.162745766564382,1.7201954767587226,17598,21.9975,3.11625,0.37870314401011235,0.33448899041056956,0.4814593416690742,0.7618726519603121,0.7618726519603121,0.3005430757837571,1.0
308512701,21.71833330217137,0.04943820224719101,1.0550561797752809,1780,2.225,0.0725,0.0,0.0,0.0,0.0,0.0,0.0,0.91192434332281
joinedS_308495714_4152158087,49.35663147834474,1.496765601217656,1.8474124809741248,15768,19.71,5.53,0.40287979952547354,0.0946774811383428,0.5735450376675534,0.6737308544456219,0.6737308544456219,0.5388792890644286,1.0
joinedS_308495840_308495841,90.32017982991181,8.921923520539437,2.436562860438293,22542,28.1775,7.685,1.0,0.5803970559600935,1.0,1.0,1.0,0.7516662552456184,1.0
