semaforo_id,delay,waiting_time,stops,flujo_vehicular,flujo_por_segundo,queue_length
cluster_1520634082_307862705,16.36930654835014,0.5767918088737202,1.100113765642776,879,1.09875,0.26375
cluster_307862891_307862894_307862896_307862898,25.256338705796033,0.4313093895957481,1.0293122886133033,6209,7.76125,1.2275
cluster_3701043284_4151921021,21.925116657139046,0.2230281051677244,0.9342701722574795,4412,5.515,0.4975
cluster_4152158088_4152159489_9467311858,31.09208256110274,2.9889042995839112,1.4701803051317615,1442,1.8025,1.1425
