semaforo_id,delay,waiting_time,stops,flujo_vehicular,flujo_por_segundo,queue_length,delay_norm,waiting_time_norm,stops_norm,flujo_vehicular_norm,flujo_por_segundo_norm,queue_length_norm,road_rage
cluster_1520634082_307862705,16.36930654835014,0.5767918088737202,1.100113765642776,879,1.09875,0.26375,0.0,0.12790294244557363,0.30946157426771653,0.0,0.0,0.0,0.710312648737191
cluster_307862891_307862894_307862896_307862898,25.256338705796033,0.4313093895957481,1.0293122886133033,6209,7.76125,1.2275,0.6036247613729985,0.07530390725676972,0.17734711573016562,1.0,1.0,1.0,1.0
cluster_3701043284_4151921021,21.925116657139046,0.2230281051677244,0.9342701722574795,4412,5.515,0.4975,0.37736158615580145,0.0,0.0,0.6628517823639775,0.6628517823639773,0.24254215304798962,0.9188360352792154
cluster_4152158088_4152159489_9467311858,31.09208256110274,2.9889042995839112,1.4701803051317615,1442,1.8025,1.1425,1.0,1.0,1.0,0.10562851782363977,0.10562851782363979,0.9118028534370948,1.0
