semaforo_id,delay,waiting_time,stops,flujo_vehicular,flujo_por_segundo,queue_length
308495742,50.907611186202786,17.108822592631913,1.7076122730650811,9419,11.77375,11.87625
308512653,41.66668011285831,0.7143827474953303,1.9706231957887588,5889,7.36125,1.60875
308512659,24.28927264005143,0.9296628029504742,1.2463119072708113,7592,9.49,1.4375
308512668,44.81026663008593,2.179359430604982,1.790035587188612,5620,7.025,2.63875
308512669,50.706301245772245,1.8110353010975972,1.9363690299614358,6742,8.4275,3.9325
308512670,48.07980480381597,3.7720600546966567,1.7830551989730423,17917,22.39625,6.0925
308512701,24.809666369573648,0.08481152993348115,1.1868070953436807,1804,2.255,0.07375
joinedS_308495714_4152158087,42.719540589432675,1.1784205394865128,1.7224569385765356,15385,19.23125,4.6975
joinedS_308495840_308495841,82.4659354537819,5.940228643442254,2.6027995319110633,22218,27.7725,7.07
