semaforo_id,delay,waiting_time,stops,flujo_vehicular,flujo_por_segundo,queue_length,delay_norm,waiting_time_norm,stops_norm,flujo_vehicular_norm,flujo_por_segundo_norm,queue_length_norm,road_rage
308495742,50.907611186202786,17.108822592631913,1.7076122730650811,9419,11.77375,11.87625,0.4575432357022217,1.0,0.36780223133389384,0.37302831390222396,0.37302831390222396,1.0,1.0
308512653,41.66668011285831,0.7143827474953303,1.9706231957887588,5889,7.36125,1.60875,0.29870065817363417,0.0369813679774511,0.5535454005285422,0.2001077691780151,0.2001077691780151,0.13005719127303536,1.0
308512659,24.28927264005143,0.9296628029504742,1.2463119072708113,7592,9.49,1.4375,0.0,0.04962703970911764,0.042023396728997284,0.28353091015969434,0.28353091015969434,0.11554755348443127,1.0
308512668,44.81026663008593,2.179359430604982,1.790035587188612,5620,7.025,2.63875,0.3527358393818229,0.12303492361215017,0.42601109742313625,0.18693053786617028,0.18693053786617028,0.21732683753442067,1.0
308512669,50.706301245772245,1.8110353010975972,1.9363690299614358,6742,8.4275,3.9325,0.45408291448931387,0.10139935675596871,0.5293544762391715,0.241892818653865,0.241892818653865,0.32694344418555393,1.0
308512670,48.07980480381597,3.7720600546966567,1.7830551989730423,17917,22.39625,6.0925,0.40893600652098006,0.21659105549116808,0.4210814183971018,0.7893112569805035,0.7893112569805035,0.5099555178987503,1.0
308512701,24.809666369573648,0.08481152993348115,1.1868070953436807,1804,2.255,0.07375,0.008945059829031635,0.0,0.0,0.0,0.0,0.0,1.0
joinedS_308495714_4152158087,42.719540589432675,1.1784205394865128,1.7224569385765356,15385,19.23125,4.6975,0.31679830120870145,0.06423920928653853,0.37828580817236945,0.665278730283139,0.665278730283139,0.3917602202923109,1.0
joinedS_308495840_308495841,82.4659354537819,5.940228643442254,2.6027995319110633,22218,27.7725,7.07,1.0,0.34395049979371,1.0,1.0,1.0,0.5927769540351621,1.0
