semaforo_id,delay,waiting_time,stops,flujo_vehicular,flujo_por_segundo,queue_length,delay_norm,waiting_time_norm,stops_norm,flujo_vehicular_norm,flujo_por_segundo_norm,queue_length_norm,road_rage
308495742,45.2453223791655,12.888733052828425,1.6467975689574568,8556,10.695,10.18125,0.3515476176323875,1.0,0.37418882822474253,0.32600066950408874,0.32600066950408874,1.0,1.0
308512653,42.370229860100025,0.6338172502134928,1.9272416737830913,5855,7.31875,1.1775,0.30412494644725774,0.03018080017882474,0.5790528916508755,0.19683420209459138,0.19683420209459132,0.10276532137518685,1.0
308512659,28.162935077898048,1.805990554312702,1.2506835694755158,8046,10.0575,2.19625,0.06978540279126091,0.12294326335222903,0.08482805323429637,0.30161159198507964,0.3016115919850796,0.2042850024912805,1.0
308512668,36.62927696550255,0.6899527429628107,1.5216765974933224,4867,6.08375,1.19875,0.2094318819269174,0.03462320349979202,0.28278811702097195,0.14958634211658936,0.14958634211658936,0.10488290981564524,1.0
308512669,52.543087557942435,2.8495661908760144,1.968094038623006,7146,8.9325,4.78625,0.47191922868993996,0.2055288726787941,0.608895492431788,0.2585720434221223,0.25857204342212226,0.4623816641753861,1.0
308512670,47.70700561875932,3.9448048316743094,1.6943294933452635,17882,22.3525,6.69875,0.3921513874446883,0.2922029452991533,0.4089108387965252,0.7719860360575773,0.7719860360575773,0.6529646238166418,1.0
308512701,23.93205806293902,0.25244393329499715,1.1345600920069006,1739,2.17375,0.14625,0.0,0.0,0.0,0.0,0.0,0.0,1.0
joinedS_308495714_4152158087,47.237181445763746,1.2406775376058652,1.872772089495639,15822,19.7775,5.1525,0.38440196125299253,0.07820599821376648,0.5392629293081201,0.6734732915690307,0.6734732915690306,0.4988789237668161,1.0
joinedS_308495840_308495841,84.55902080490733,7.592494481236203,2.5034878587196467,22650,28.3125,7.63,1.0,0.5808707349529387,1.0,1.0,1.0,0.7457648231190832,1.0
