semaforo_id,delay,waiting_time,stops,flujo_vehicular,flujo_por_segundo,queue_length
308495742,45.2453223791655,12.888733052828425,1.6467975689574568,8556,10.695,10.18125
308512653,42.370229860100025,0.6338172502134928,1.9272416737830913,5855,7.31875,1.1775
308512659,28.162935077898048,1.805990554312702,1.2506835694755158,8046,10.0575,2.19625
308512668,36.62927696550255,0.6899527429628107,1.5216765974933224,4867,6.08375,1.19875
308512669,52.543087557942435,2.8495661908760144,1.968094038623006,7146,8.9325,4.78625
308512670,47.70700561875932,3.9448048316743094,1.6943294933452635,17882,22.3525,6.69875
308512701,23.93205806293902,0.25244393329499715,1.1345600920069006,1739,2.17375,0.14625
joinedS_308495714_4152158087,47.237181445763746,1.2406775376058652,1.872772089495639,15822,19.7775,5.1525
joinedS_308495840_308495841,84.55902080490733,7.592494481236203,2.5034878587196467,22650,28.3125,7.63
