semaforo_id,delay,waiting_time,stops,flujo_vehicular,flujo_por_segundo,queue_length
308495742,52.07651439634874,16.300898531667762,1.7315362699978085,9126,11.4075,10.0
308512653,39.245316888181264,0.36421838876044815,1.9562511115063133,5623,7.02875,0.74875
308512659,23.90272679746997,0.7711332112012562,1.2482334467416907,7642,9.5525,1.28125
308512668,60.95767270412055,4.607943991998857,2.177596799542792,6999,8.74875,5.1625
308512669,51.359018134185014,2.2094452983093475,1.9842112617018304,7157,8.94625,4.80125
308512670,48.32617101772768,3.989670354481824,1.8192594265071123,17716,22.145,3.31
308512701,23.01211542928287,0.08049886621315193,1.145124716553288,1764,2.205,0.0675
joinedS_308495714_4152158087,51.21281295452509,1.7078128982921235,1.9472979862350241,15692,19.615,5.39
joinedS_308495840_308495841,76.61207096653791,5.871490431624529,2.5009545094752528,21477,26.84625,6.99
