semaforo_id,delay,waiting_time,stops,flujo_vehicular,flujo_por_segundo,queue_length,delay_norm,waiting_time_norm,stops_norm,flujo_vehicular_norm,flujo_por_segundo_norm,queue_length_norm,road_rage
308495742,52.07651439634874,16.300898531667762,1.7315362699978085,9126,11.4075,10.0,0.5422466991948239,1.0,0.43251118724920334,0.3734591386394765,0.3734591386394765,1.0,1.0
308512653,39.245316888181264,0.36421838876044815,1.9562511115063133,5623,7.02875,0.74875,0.3028584874033224,0.017491524771214344,0.5982509008044123,0.1957591437122711,0.19575914371227107,0.06858796878932798,1.0
308512659,23.90272679746997,0.7711332112012562,1.2482334467416907,7642,9.5525,1.28125,0.016615897518199918,0.04257813366084823,0.07604843227865038,0.2981788667376858,0.2981788667376858,0.1221998489806192,1.0
308512668,60.95767270412055,4.607943991998857,2.177596799542792,6999,8.74875,5.1625,0.7079400886529346,0.2791204421077262,0.7615056759922726,0.2655607974433115,0.2655607974433115,0.5129624968537629,1.0
308512669,51.359018134185014,2.2094452983093475,1.9842112617018304,7157,8.94625,4.80125,0.5288605637965395,0.1312511698851859,0.6188730691189614,0.27357581291533506,0.273575812915335,0.47659199597281654,1.0
308512670,48.32617101772768,3.989670354481824,1.8192594265071123,17716,22.145,3.31,0.4722775482686752,0.24100340120436295,0.497211901872276,0.8092121949982245,0.8092121949982245,0.32645356154039773,1.0
308512701,23.01211542928287,0.08049886621315193,1.145124716553288,1764,2.205,0.0675,0.0,0.0,0.0,0.0,0.0,0.0,0.9678995831577093
joinedS_308495714_4152158087,51.21281295452509,1.7078128982921235,1.9472979862350241,15692,19.615,5.39,0.5261328529580798,0.10032515015920002,0.5916474721749276,0.7065388322426825,0.7065388322426823,0.5358671029448779,1.0
joinedS_308495840_308495841,76.61207096653791,5.871490431624529,2.5009545094752528,21477,26.84625,6.99,1.0,0.3570190429860208,1.0,1.0,1.0,0.6969544424867858,1.0
