semaforo_id,delay,waiting_time,stops,flujo_vehicular,flujo_por_segundo,queue_length
cluster_1520634082_307862705,17.68764992065849,0.7750294464075382,0.9858657243816255,849,1.06125,0.28
cluster_307862891_307862894_307862896_307862898,25.443225628703452,0.3279820195858083,0.9717450634130679,6229,7.78625,0.95
cluster_3701043284_4151921021,23.339770250654833,0.4015819209039548,0.904180790960452,4425,5.53125,0.79375
cluster_4152158088_4152159489_9467311858,35.198521891037956,3.6417347580138277,1.3764927718416091,1591,1.98875,1.4425
