semaforo_id,delay,waiting_time,stops,flujo_vehicular,flujo_por_segundo,queue_length
cluster_1520634082_307862705,13.01235318619872,0.6666666666666666,0.6495726495726496,117,0.585,0.18
cluster_307862891_307862894_307862896_307862898,19.679480573570913,0.37828246983676367,0.6863023420865862,1409,7.045,0.94
cluster_3701043284_4151921021,16.871235172920333,0.2532088681446908,0.823803967327888,857,4.285,0.46
cluster_4152158088_4152159489_9467311858,26.16448805065149,2.6382978723404253,1.2446808510638299,188,0.94,0.53
