semaforo_id,delay,waiting_time,stops,flujo_vehicular,flujo_por_segundo,queue_length
cluster_1520634082_307862705,17.225792704155836,0.36416861826697894,1.0386416861826697,854,1.0675,0.19375
cluster_307862891_307862894_307862896_307862898,26.529276481674245,0.3222847948511665,1.0843121480289621,6215,7.76875,1.0125
cluster_3701043284_4151921021,23.6627024195079,0.2773903262092238,1.0062992125984251,4445,5.55625,0.6525
cluster_4152158088_4152159489_9467311858,33.47251274423587,3.353393085787452,1.4814340588988477,1562,1.9525,1.325
