semaforo_id,delay,waiting_time,stops,flujo_vehicular,flujo_por_segundo,queue_length,delay_norm,waiting_time_norm,stops_norm,flujo_vehicular_norm,flujo_por_segundo_norm,queue_length_norm,road_rage
cluster_1520634082_307862705,13.01235318619872,0.6666666666666666,0.6495726495726496,117,0.585,0.18,0.0,0.17335109834251075,0.0,0.0,0.0,0.0,0.559810366764188
cluster_307862891_307862894_307862896_307862898,19.679480573570913,0.37828246983676367,0.6863023420865862,1409,7.045,0.94,0.5069235873935511,0.05243980475028369,0.061719351912647095,1.0,1.0,1.0,0.8221969660230354
cluster_3701043284_4151921021,16.871235172920333,0.2532088681446908,0.823803967327888,857,4.285,0.46,0.293403468447643,0.0,0.2927725030820644,0.5727554179566563,0.5727554179566564,0.368421052631579,0.7128657429728227
cluster_4152158088_4152159489_9467311858,26.16448805065149,2.6382978723404253,1.2446808510638299,188,0.94,0.53,1.0,1.0,1.0,0.05495356037151703,0.054953560371517024,0.46052631578947373,1.0
