semaforo_id,delay,waiting_time,stops,flujo_vehicular,flujo_por_segundo,queue_length,delay_norm,waiting_time_norm,stops_norm,flujo_vehicular_norm,flujo_por_segundo_norm,queue_length_norm,road_rage
cluster_1520634082_307862705,14.081033140674183,0.6964285714285714,0.6339285714285714,112,0.56,0.18,0.0,0.19253192712169565,0.0,0.0,0.0,0.0,0.6025270399126816
cluster_307862891_307862894_307862896_307862898,18.493918324801548,0.43032490974729243,0.7104693140794224,1385,6.925,0.935,0.29858459946637944,0.09279641136785577,0.12019784142985908,1.0,1.0,1.0,0.7767820037501848
cluster_3701043284_4151921021,14.3213851555534,0.1827354260089686,0.7365470852017937,892,4.46,0.385,0.016262695968565027,0.0,0.16114978009224276,0.612725844461901,0.612725844461901,0.271523178807947,0.6059719981503872
cluster_4152158088_4152159489_9467311858,28.86037940305318,2.850828729281768,1.270718232044199,181,0.905,0.54,1.0,1.0,1.0,0.05420267085624509,0.05420267085624508,0.4768211920529801,1.0
