semaforo_id,delay,waiting_time,stops,flujo_vehicular,flujo_por_segundo,queue_length
cluster_1520634082_307862705,16.98836860077311,0.6822323462414579,1.061503416856492,878,1.0975,0.26875
cluster_307862891_307862894_307862896_307862898,24.894104385074602,0.3870558375634518,0.9828680203045685,6304,7.88,1.0575
cluster_3701043284_4151921021,22.328937068560062,0.2786666666666667,0.9637777777777777,4500,5.625,0.64125
cluster_4152158088_4152159489_9467311858,30.50797193294823,2.529920692141312,1.4260994953136266,1387,1.73375,0.965
