semaforo_id,delay,waiting_time,stops,flujo_vehicular,flujo_por_segundo,queue_length
cluster_1520634082_307862705,16.930314486225175,0.8449023861171366,1.0759219088937093,922,1.1525,0.355
cluster_307862891_307862894_307862896_307862898,25.95268393503929,0.4229549778059607,1.031705770450222,6308,7.885,1.2225
cluster_3701043284_4151921021,22.403170013291252,0.2808787267428828,0.9047298811925577,4461,5.57625,0.6475
cluster_4152158088_4152159489_9467311858,33.02676640202588,2.9580915538362347,1.4345583494519665,1551,1.93875,1.25375
