semaforo_id,delay,waiting_time,stops,flujo_vehicular,flujo_por_segundo,queue_length
308495742,42.892733681461436,5.927735368956743,1.7681933842239186,7860,9.825,6.15375
308512653,37.023714987455286,0.7300687285223367,1.8666666666666667,5820,7.275,1.50875
308512659,27.221674653622802,1.8364848484848484,1.2785454545454547,8250,10.3125,2.50875
308512668,46.185323231858504,2.591252415246794,1.837871069734762,5693,7.11625,2.9575
308512669,50.04857734225186,1.9055555555555554,1.9370370370370371,7020,8.775,3.47375
308512670,46.82539625545151,3.447446057731243,1.7262104471568231,17287,21.60875,5.725
308512701,16.86321814895119,0.047244094488188976,1.0650918635170603,1905,2.38125,0.0775
joinedS_308495714_4152158087,45.155693989177,1.2507445662505545,1.8505798111653253,15781,19.72625,5.21375
joinedS_308495840_308495841,81.4164767948564,6.734833878850379,2.5121732502353944,22303,27.87875,7.21125
