semaforo_id,delay,waiting_time,stops,flujo_vehicular,flujo_por_segundo,queue_length,delay_norm,waiting_time_norm,stops_norm,flujo_vehicular_norm,flujo_por_segundo_norm,queue_length_norm,road_rage
308495742,42.892733681461436,5.927735368956743,1.7681933842239186,7860,9.825,6.15375,0.4032254308847563,0.879313992646364,0.48587558872645004,0.29194038631238356,0.29194038631238356,0.8517609952689679,1.0
308512653,37.023714987455286,0.7300687285223367,1.8666666666666667,5820,7.275,1.50875,0.31230796494861274,0.10210324736586249,0.5539251700054022,0.1919305814295519,0.19193058142955197,0.2006308042754512,1.0
308512659,27.221674653622802,1.8364848484848484,1.2785454545454547,8250,10.3125,2.50875,0.16046372750120924,0.26754642729141365,0.14750627918203044,0.31105990783410137,0.3110599078341014,0.3408095321534957,1.0
308512668,46.185323231858504,2.591252415246794,1.837871069734762,5693,7.11625,2.9575,0.4542312146277266,0.380407351944245,0.5340260840271029,0.18570448083145408,0.18570448083145405,0.40371473628876814,1.0
308512669,50.04857734225186,1.9055555555555554,1.9370370370370371,7020,8.775,3.47375,0.5140772114283608,0.2778746186574896,0.6025543425013288,0.2507598784194529,0.2507598784194529,0.4760820045558086,1.0
308512670,46.82539625545151,3.447446057731243,1.7262104471568231,17287,21.60875,5.725,0.46414664007671913,0.5084345889746195,0.4568634423106195,0.754093538582214,0.754093538582214,0.7916593656912564,1.0
308512701,16.86321814895119,0.047244094488188976,1.0650918635170603,1905,2.38125,0.0775,0.0,0.0,0.0,0.0,0.0,0.0,0.7180772823884939
joinedS_308495714_4152158087,45.155693989177,1.2507445662505545,1.8505798111653253,15781,19.72625,5.21375,0.43828114077739877,0.17996027127389752,0.5428084106793613,0.6802627708598882,0.6802627708598882,0.7199929910636061,1.0
joinedS_308495840_308495841,81.4164767948564,6.734833878850379,2.5121732502353944,22303,27.87875,7.21125,1.0,1.0,1.0,1.0,1.0,1.0,1.0
