semaforo_id,delay,waiting_time,stops,flujo_vehicular,flujo_por_segundo,queue_length,delay_norm,waiting_time_norm,stops_norm,flujo_vehicular_norm,flujo_por_segundo_norm,queue_length_norm,road_rage
308495742,47.593113177752436,13.308291397076443,1.6993769470404985,8346,10.4325,8.4925,0.45334086228700277,1.0,0.4549126370102281,0.3168355041003377,0.3168355041003376,0.9449062984359589,1.0
308512653,40.37444643698658,0.42990152193375114,1.8730528200537153,5585,6.98125,0.8825,0.3453808834592673,0.02121748700129931,0.5775455678511875,0.18364688856729378,0.18364688856729378,0.08707904748485275,1.0
308512659,27.299170493261318,1.5434865172806684,1.2934548677047728,7899,9.87375,1.73875,0.14983140531538294,0.10585209821827223,0.16829012912619842,0.2952725518572118,0.29527255185721174,0.18359870367761025,1.0
308512668,55.94148096948143,3.366029411764706,2.043970588235294,6800,8.5,4.50375,0.5781962742914624,0.24436887955552358,0.6982309945673533,0.24225759768451519,0.24225759768451519,0.4952796956460476,1.0
308512669,49.684423368341754,4.712551763529916,1.8813365700414109,7003,8.75375,5.955,0.4846178019222984,0.34670717992128025,0.5833947426485847,0.2520501688374337,0.25205016883743364,0.658869945047203,1.0
308512670,43.95880101311748,3.0870860346942353,1.6854739793236377,17121,21.40125,4.97875,0.398987298334313,0.22316864394840313,0.44509571973251205,0.7401350699469368,0.7401350699469368,0.5488234465267013,1.0
308512701,17.28080077870095,0.15073115860517436,1.0551181102362204,1778,2.2225,0.11,0.0,0.0,0.0,0.0,0.0,0.0,0.7364513787295903
joinedS_308495714_4152158087,47.14250427429531,1.178717069065959,1.8495048223185966,15449,19.31125,4.50625,0.4466017054005804,0.07812891537863274,0.5609182728355228,0.6594790159189581,0.6594790159189581,0.49556150486120887,1.0
joinedS_308495840_308495841,84.14508529550511,9.248978141105384,2.471343522303181,22508,28.135,8.98125,1.0,0.6914843494995319,1.0,1.0,1.0,1.0,1.0
