semaforo_id,delay,waiting_time,stops,flujo_vehicular,flujo_por_segundo,queue_length
308495742,47.593113177752436,13.308291397076443,1.6993769470404985,8346,10.4325,8.4925
308512653,40.37444643698658,0.42990152193375114,1.8730528200537153,5585,6.98125,0.8825
308512659,27.299170493261318,1.5434865172806684,1.2934548677047728,7899,9.87375,1.73875
308512668,55.94148096948143,3.366029411764706,2.043970588235294,6800,8.5,4.50375
308512669,49.684423368341754,4.712551763529916,1.8813365700414109,7003,8.75375,5.955
308512670,43.95880101311748,3.0870860346942353,1.6854739793236377,17121,21.40125,4.97875
308512701,17.28080077870095,0.15073115860517436,1.0551181102362204,1778,2.2225,0.11
joinedS_308495714_4152158087,47.14250427429531,1.178717069065959,1.8495048223185966,15449,19.31125,4.50625
joinedS_308495840_308495841,84.14508529550511,9.248978141105384,2.471343522303181,22508,28.135,8.98125
