generacion,max,mean,min
1,0.012206,0.012206,0.012206
2,0.012206,0.012206,0.012206
