generacion,max,mean,min
1,0.316805,0.3021165,0.290177
2,0.311928,0.30383375,0.295013
