generacion,max,mean,min
1,0.306014,0.294786125,0.282666
2,0.3038,0.290319375,0.277354
