semaforo_id,delay,waiting_time,stops,flujo_vehicular,flujo_por_segundo,queue_length,delay_norm,waiting_time_norm,stops_norm,flujo_vehicular_norm,flujo_por_segundo_norm,queue_length_norm,road_rage
308495742,22.38418434257259,4.789147286821706,1.136434108527132,1290,6.45,4.24,0.5796868144309604,1.0,0.3383300222325399,0.4115148655025956,0.4115148655025956,1.0,1.0
308512653,19.411852496172937,0.17925591882750846,1.1758737316798196,887,4.435,0.44,0.43735327817324965,0.0,0.4025693259833385,0.22133081642284097,0.22133081642284091,0.04282115869017632,0.8270941674906604
308512659,23.085365044153665,1.7610114192495923,1.2022838499184338,1226,6.13,1.47,0.6132636604794881,0.34312207688970314,0.44558615707872473,0.38131193959414816,0.38131193959414816,0.30226700251889166,1.0
308512668,31.161527334083228,2.1677852348993287,1.5426653883029722,1043,5.215,1.52,1.0,0.4313614264053789,1.0,0.2949504483246815,0.2949504483246814,0.3148614609571788,1.0
308512669,28.20872846381899,1.5721153846153846,1.314423076923077,1040,5.2,1.295,0.8586018228174741,0.3021458326454927,0.6282386595644163,0.293534686172723,0.293534686172723,0.25818639798488663,1.0
308512670,19.70946516222567,0.41181262729124235,0.9287169042769857,2455,12.275,0.915,0.4516048037038464,0.050447329426966794,0.0,0.9613025011798018,0.9613025011798018,0.1624685138539043,0.833763535205931
308512701,10.278663572320763,0.854066985645933,0.9354066985645934,418,2.09,0.27,0.0,0.14638329039671938,0.010896344663544236,0.0,0.0,0.0,0.4656441505483329
joinedS_308495714_4152158087,23.174955869837518,0.5689939527212754,1.2182517866959868,1819,9.095,1.745,0.6175538204262239,0.08454386508967678,0.4715947509477782,0.661160924964606,0.661160924964606,0.37153652392947106,0.9871081853157658
joinedS_308495840_308495841,22.700998534211884,0.7784785179345683,1.3054789121009065,2537,12.685,2.85,0.5948578271451934,0.12998627327042345,0.6136703935699818,1.0,1.0,0.6498740554156172,0.9758286682112031
