semaforo_id,delay,waiting_time,stops,flujo_vehicular,flujo_por_segundo,queue_length,delay_norm,waiting_time_norm,stops_norm,flujo_vehicular_norm,flujo_por_segundo_norm,queue_length_norm,road_rage
308495742,26.235503958871803,8.345925925925926,1.1474074074074074,1350,6.75,6.18,0.9367192337921103,1.0,0.7780429143197116,0.36918833727344363,0.36918833727344363,1.0,1.0
308512653,20.089814556364946,0.13333333333333333,1.1220338983050848,885,4.425,0.28,0.6247372596402091,0.015975858702405255,0.7364187349920043,0.18597320724980299,0.18597320724980296,0.04376012965964344,0.8511406048534681
308512659,21.54408415902956,0.789259560618389,1.1139137510170871,1229,6.145,1.295,0.698562321707833,0.09456824414971378,0.7230979733456747,0.3215130023640662,0.32151300236406616,0.20826580226904376,0.9221051076142336
308512668,18.550744982070263,0.1648616125150421,1.0770156438026475,831,4.155,0.215,0.5466073814934677,0.01975354370243249,0.662568173334441,0.16469661150512213,0.16469661150512216,0.03322528363047002,0.7884076572852174
308512669,23.971009030065005,0.6597014925373135,1.2537313432835822,1005,5.025,1.08,0.8217636035811309,0.07904473372906481,0.9524628794845788,0.23325453112687156,0.23325453112687156,0.173419773095624,1.0
308512670,27.482062947811944,3.2402575398170113,1.2392409352761775,2951,14.755,5.485,1.0,0.3882442246163988,0.9286919718422989,1.0,1.0,0.887358184764992,1.0
308512701,7.783202399174671,0.0,0.6731234866828087,413,2.065,0.01,0.0,0.0,0.0,0.0,0.0,0.0,0.3382530354342992
joinedS_308495714_4152158087,19.671769895137178,0.7583892617449665,1.1006711409395973,1788,8.94,1.46,0.6035154909904134,0.09086939765294265,0.7013740259638014,0.5417651694247438,0.5417651694247438,0.23500810372771475,0.8460654266779705
joinedS_308495840_308495841,23.642896344385456,0.7829196466133782,1.28270929743374,2377,11.885,2.355,0.8051071738922446,0.0938086023722429,1.0,0.7738376674546887,0.7738376674546886,0.380064829821718,1.0
