semaforo_id,delay,waiting_time,stops,flujo_vehicular,flujo_por_segundo,queue_length
cluster_1520634082_307862705,16.365386909137186,0.9410430839002267,1.0804988662131518,882,1.1025,0.34
cluster_307862891_307862894_307862896_307862898,25.356659662533364,0.3818384223918575,1.0243320610687023,6288,7.86,1.15375
cluster_3701043284_4151921021,22.358189690023412,0.27769075855896175,0.8972924591631237,4469,5.58625,0.665
cluster_4152158088_4152159489_9467311858,31.82346731764473,2.652351738241309,1.565098841172461,1467,1.83375,1.02375
