semaforo_id,delay,waiting_time,stops,flujo_vehicular,flujo_por_segundo,queue_length,delay_norm,waiting_time_norm,stops_norm,flujo_vehicular_norm,flujo_por_segundo_norm,queue_length_norm,road_rage
308495742,25.444438360162096,7.427575522850503,1.1936483346243223,1291,6.455,6.125,0.8271360621203135,1.0,0.4162143657414105,0.3521758636159713,0.35217586361597125,1.0,1.0
308512653,23.25600923363352,0.5182403433476395,1.1888412017167382,932,4.66,0.755,0.6470578978196452,0.06817228369930299,0.40466509423891134,0.1911170928667564,0.1911170928667564,0.11604938271604938,0.9881588242809632
308512659,23.354485109818814,1.9671592775041051,1.2372742200328408,1218,6.09,1.865,0.6551611325995064,0.26358078342373004,0.5210267777978767,0.31942575145805296,0.3194257514580529,0.29876543209876544,1.0
308512668,15.392533083495943,0.012755102040816327,1.0204081632653061,784,3.92,0.05,0.0,0.0,0.0,0.1247196052041274,0.1247196052041274,0.0,0.6567727519112664
308512669,25.40412879701338,2.714828897338403,1.3536121673003803,1052,5.26,2.395,0.8238191294184094,0.36441527130100393,0.8005319558045972,0.2449528936742934,0.24495289367429338,0.3860082304526749,1.0
308512670,24.823279670484933,1.3557586837294333,1.1553930530164533,2735,13.675,3.46,0.7760230901622466,0.1811242222292368,0.3243049797960384,1.0,1.0,0.5613168724279836,1.0
308512701,17.015265221643823,3.0098814229249014,1.0395256916996047,506,2.53,1.42,0.1335289413977525,0.4042075398714515,0.04593039772129534,0.0,0.0,0.22551440329218103,0.7823892649922353
joinedS_308495714_4152158087,21.913835867399197,0.6,1.192507204610951,1735,8.675,1.57,0.5366151546506582,0.0791988024836153,0.41347276891073365,0.5513683266038583,0.5513683266038583,0.25020576131687244,0.9362537228804061
joinedS_308495840_308495841,27.54519542891309,0.9593367548361627,1.4366363995262534,2533,12.665,2.965,1.0,0.12766076574676924,1.0,0.9093764019739794,0.9093764019739793,0.47983539094650207,1.0
