semaforo_id,delay,waiting_time,stops,flujo_vehicular,flujo_por_segundo,queue_length,delay_norm,waiting_time_norm,stops_norm,flujo_vehicular_norm,flujo_por_segundo_norm,queue_length_norm,road_rage
308495742,46.725590516083955,10.056334680294746,1.7495840266222962,8414,10.5175,8.7425,0.44782214848056384,1.0,0.49892386425444174,0.3211189913317573,0.3211189913317573,1.0,1.0
308512653,37.6039514999513,0.5448426720511527,1.7982500420662966,5943,7.42875,1.27125,0.28767114619047346,0.04727623373784469,0.5368763809762774,0.19941883372734437,0.19941883372734434,0.138139870223504,1.0
308512659,30.072344542783732,2.356346131266878,1.3430785487847834,8517,10.64625,3.15375,0.1554367526881531,0.22872646223670973,0.18190785617589308,0.3261918833727344,0.32619188337273447,0.35529920692141315,1.0
308512668,55.30125409806237,2.189628349178911,1.978219533275713,5785,7.23125,2.90375,0.5983873172542298,0.2120270849869514,0.677226789001878,0.1916371158392435,0.19163711583924348,0.32645998558038936,1.0
308512669,53.25109246196637,2.077552171460801,1.8965031020868584,7092,8.865,4.18125,0.5623920931177817,0.20080091373523598,0.6134996851317772,0.2560086682427108,0.25600866824271085,0.47382840663302095,1.0
308512670,46.15836816377857,2.5799020179633736,1.7369648897702088,17146,21.4325,6.57875,0.43786327726428487,0.2511190591246601,0.48908274621704917,0.7511820330969267,0.7511820330969268,0.7503965392934391,1.0
308512701,21.21921263860113,0.07286166842661035,1.1098204857444562,1894,2.3675,0.07375,0.0,0.0,0.0,0.0,0.0,0.0,0.8946185583423558
joinedS_308495714_4152158087,47.47669897333866,1.523047739487828,1.917736326272526,15815,19.76875,4.57875,0.46100955614328276,0.14525867594746514,0.6300585566278899,0.6856284475965327,0.6856284475965327,0.5196827685652488,1.0
joinedS_308495840_308495841,78.17570298644252,8.60388323272367,2.3921073970627984,22198,27.7475,8.37125,1.0,0.8545144113832497,1.0,1.0,1.0,0.9571737563085797,1.0
