semaforo_id,delay,waiting_time,stops,flujo_vehicular,flujo_por_segundo,queue_length,delay_norm,waiting_time_norm,stops_norm,flujo_vehicular_norm,flujo_por_segundo_norm,queue_length_norm,road_rage
308495742,57.216947237163524,14.4024742744826,2.0157243611978264,8649,10.81125,9.00625,0.6561485601637406,1.0,0.6677951813278655,0.34155501421031265,0.34155501421031265,0.9452709883103081,1.0
308512653,39.16491024623957,0.5447588538885922,1.7490656700480514,5619,7.02375,0.9725,0.3575276693093677,0.025518830175973433,0.4689080925649272,0.1877791311408851,0.1877791311408851,0.0915249734325186,1.0
308512659,29.190361434932075,2.7820605187319885,1.359149855907781,8328,10.41,3.14625,0.19252642023145858,0.18284695226786013,0.17808981545341174,0.32526390580592773,0.32526390580592773,0.32252922422954305,1.0
308512668,60.025692453086876,1.9018572158800477,2.263758732322372,5869,7.33625,2.61625,0.702611460665423,0.1209506354354739,0.8527913416757734,0.20046691027202598,0.20046691027202598,0.26620616365568545,1.0
308512669,68.56008419926026,7.25,2.422348484848485,9504,11.88,9.52125,0.8437893048845458,0.4970345914467268,0.9710753325389757,0.38494721883881444,0.3849472188388145,1.0,1.0
308512670,50.90873022815244,3.2649343392008943,1.868734283319363,17895,22.36875,6.60375,0.5517966034354944,0.21680287004840915,0.558162794923235,0.8107998375964272,0.8107998375964272,0.6899574920297555,1.0
308512701,17.551878776184207,0.1818655549765503,1.1203751954142782,1919,2.39875,0.11125,0.0,0.0,0.0,0.0,0.0,0.0,0.7505274699634704
joinedS_308495714_4152158087,45.80845987546555,1.270962831409362,1.820816947862489,15766,19.7075,5.305,0.4674267743085515,0.07658584086762225,0.522423703468151,0.7027507105156313,0.7027507105156313,0.5519394261424017,1.0
joinedS_308495840_308495841,78.00323212683543,5.616056976367757,2.461129353003746,21623,27.02875,6.295,1.0,0.38213493729964343,1.0,1.0,1.0,0.6571466524973433,1.0
