semaforo_id,delay,waiting_time,stops,flujo_vehicular,flujo_por_segundo,queue_length,delay_norm,waiting_time_norm,stops_norm,flujo_vehicular_norm,flujo_por_segundo_norm,queue_length_norm,road_rage
cluster_1520634082_307862705,17.490914945743807,0.6538908246225319,0.9941927990708479,861,1.07625,0.2625,0.0,0.10956794282668246,0.09524979070093559,0.0,0.0,0.0,0.7524821262850369
cluster_307862891_307862894_307862896_307862898,24.88704603882966,0.35997452634930743,0.96640662314918,6281,7.85125,1.0425,0.39633076867821637,0.015255743345471735,0.04331284777326238,1.0,1.0,0.7332549941245594,1.0
cluster_3701043284_4151921021,22.417638070870222,0.3124312431243124,0.9432343234323433,4545,5.68125,0.71625,0.26400450974584033,0.0,0.0,0.6797047970479705,0.6797047970479705,0.4265569917743831,0.9406835206345889
cluster_4152158088_4152159489_9467311858,36.15242618231101,3.4288499025341133,1.4782326185834957,1539,1.92375,1.32625,1.0,1.0,1.0,0.12509225092250922,0.12509225092250925,1.0,1.0
