semaforo_id,delay,waiting_time,stops,flujo_vehicular,flujo_por_segundo,queue_length,delay_norm,waiting_time_norm,stops_norm,flujo_vehicular_norm,flujo_por_segundo_norm,queue_length_norm,road_rage
cluster_1520634082_307862705,12.311098349626873,0.32142857142857145,0.625,112,0.56,0.12,0.0,0.08871002223362409,0.0,0.0,0.0,0.0,0.5238725054136464
cluster_307862891_307862894_307862896_307862898,19.401091383492073,0.5204225352112676,0.7401408450704225,1420,7.1,1.265,0.4982363249740036,0.16917376071031973,0.18932637357692486,1.0,1.0,1.0,0.8160577398467252
cluster_3701043284_4151921021,15.597959443929946,0.10204081632653061,0.6830732292917167,833,4.165,0.27,0.23097816662209308,0.0,0.09548995316976627,0.5512232415902141,0.5512232415902142,0.1310043668122271,0.6532821232553973
cluster_4152158088_4152159489_9467311858,26.541279246684375,2.5751295336787563,1.233160621761658,193,0.965,0.53,1.0,1.0,1.0,0.06192660550458716,0.06192660550458715,0.35807860262008734,1.0
