semaforo_id,delay,waiting_time,stops,flujo_vehicular,flujo_por_segundo,queue_length
cluster_1520634082_307862705,15.877289910543405,0.47451456310679613,0.9951456310679612,824,1.03,0.19375
cluster_307862891_307862894_307862896_307862898,25.08533018041612,0.4017418844022169,0.9542359461599367,6315,7.89375,1.1725
cluster_3701043284_4151921021,21.978707816374325,0.24589785070487635,0.8844464987289115,4327,5.40875,0.5725
cluster_4152158088_4152159489_9467311858,31.040650439903896,3.185006877579092,1.404401650618982,1454,1.8175,1.1325
