semaforo_id,delay,waiting_time,stops,flujo_vehicular,flujo_por_segundo,queue_length
cluster_1520634082_307862705,16.04654718065171,0.639018691588785,0.9848130841121495,856,1.07,0.25625
cluster_307862891_307862894_307862896_307862898,25.26388875985984,0.5576983380370022,0.9954531201003449,6378,7.9725,1.49625
cluster_3701043284_4151921021,21.454610559942463,0.17019822282980177,0.8553201184780133,4389,5.48625,0.4825
cluster_4152158088_4152159489_9467311858,33.19397447391963,2.8349184782608696,1.5088315217391304,1472,1.84,1.1925
