semaforo_id,delay,waiting_time,stops,flujo_vehicular,flujo_por_segundo,queue_length,delay_norm,waiting_time_norm,stops_norm,flujo_vehicular_norm,flujo_por_segundo_norm,queue_length_norm,road_rage
cluster_1520634082_307862705,16.04654718065171,0.639018691588785,0.9848130841121495,856,1.07,0.25625,0.0,0.17593609227965387,0.1981495119870097,0.0,0.0,0.0,0.6940347844223301
cluster_307862891_307862894_307862896_307862898,25.26388875985984,0.5576983380370022,0.9954531201003449,6378,7.9725,1.49625,0.5375349562104197,0.14541868491351828,0.2144308437818339,1.0,1.0,1.0,1.0
cluster_3701043284_4151921021,21.454610559942463,0.17019822282980177,0.8553201184780133,4389,5.48625,0.4825,0.3153862842978175,0.0,0.0,0.6398044186888808,0.6398044186888808,0.18245967741935482,0.8958011915934151
cluster_4152158088_4152159489_9467311858,33.19397447391963,2.8349184782608696,1.5088315217391304,1472,1.84,1.1925,1.0,1.0,1.0,0.11155378486055777,0.11155378486055777,0.755040322580645,1.0
